Date,Close/Last,Volume,Open,High,Low,High5,Low5,Open5,Volume5avg
2016-05-31,18.76,3471617,18.89,18.9,18.69,18.9,18.69,18.89,3.471617
2016-06-01,18.87,2945610,18.6,18.9,18.51,18.9,18.69,18.89,3.2086135
2016-06-02,18.89,8995595,18.77,18.94,18.66,18.94,18.69,18.89,5.137607333333333
2016-06-03,18.79,2415702,18.89,18.89,18.39,18.94,18.69,18.89,4.457131
2016-06-06,18.7,5898295,18.85,18.89,18.62,18.94,18.66,18.89,5.769864
2016-06-07,19.37,11730200,18.69,19.78,18.62,19.78,18.62,18.89,6.681399
2016-06-08,19.7,5457079,19.46,19.8,19.35,19.8,19.35,19.46,7.695191333333333
2016-06-09,19.58,3059539,19.6,19.68,19.495,19.8,19.495,19.6,6.53627825
2016-06-10,19.22,3579379,19.37,19.44,19.15,19.8,19.495,19.6,5.9448984000000005
2016-06-13,18.83,3676129,19.12,19.34,18.81,19.68,19.495,19.6,3.438349
2016-06-14,18.59,2536767,18.79,18.94,18.485,19.44,19.15,19.37,3.2640916666666664
2016-06-15,18.72,2548589,18.63,18.99,18.56,19.34,18.81,19.12,2.920495
2016-06-16,18.67,2060340,18.61,18.7,18.495,19.34,18.81,19.12,2.70545625
2016-06-17,19.05,3801333,18.64,19.16,18.59,19.34,18.81,19.12,2.9246316
2016-06-20,19.09,3990487,19.28,19.43,19.08,19.43,19.08,19.28,3.2840533333333335
2016-06-21,19.1,6572410,19.28,19.37,18.81,19.43,19.08,19.28,4.788076666666667
2016-06-22,18.87,3617245,19.09,19.19,18.85,19.43,19.08,19.28,4.726714
2016-06-23,19.16,4986618,19.17,19.18,18.94,19.43,19.08,19.28,4.79169
2016-06-24,18.4,9167440,18.35,18.87,18.33,19.43,19.08,19.28,5.66684
2016-06-27,18.01,6378225,18.22,18.25,17.71,19.18,18.94,19.17,6.844094333333333
2016-06-28,18.56,3622332,18.26,18.69,18.2,18.87,18.33,18.35,6.389332333333333
2016-06-29,19.0,5416120,18.76,19.145,18.69,19.145,18.69,18.76,5.138892333333333
2016-06-30,19.49,4903204,19.07,19.51,18.95,19.51,18.95,19.07,5.07997025
2016-07-01,19.48,3613453,19.5,19.82,19.38,19.82,19.38,19.5,4.7866668
2016-07-05,19.27,8055016,19.42,19.433,19.04,19.82,19.38,19.5,5.8342345
2016-07-06,19.66,4253489,19.19,19.66,19.08,19.66,19.08,19.42,6.1542525
2016-07-07,19.97,4776864,19.67,20.05,19.62,20.05,19.62,19.67,5.695123
2016-07-08,20.48,4054054,20.17,20.67,20.17,20.67,20.17,20.17,5.28485575
2016-07-11,20.41,3075023,20.51,20.65,20.385,20.67,20.385,20.51,3.968647
2016-07-12,20.49,2715187,20.53,20.63,20.36,20.67,20.385,20.53,3.2814213333333333
2016-07-13,20.43,2159322,20.51,20.65,20.31,20.65,20.385,20.53,2.649844
2016-07-14,20.37,2219633,20.54,20.65,20.35,20.65,20.385,20.54,2.54229125
2016-07-15,20.37,2334577,20.46,20.53,20.16,20.65,20.385,20.54,2.5007484
2016-07-18,20.46,2057926,20.43,20.5,20.31,20.65,20.35,20.54,2.2040453333333336
2016-07-19,20.37,2784561,20.49,20.54,20.28,20.54,20.31,20.49,2.3923546666666664
2016-07-20,20.42,4332040,20.39,20.51,20.32,20.54,20.32,20.49,3.0581756666666666
2016-07-21,21.51,13366580,21.03,21.79,20.65,21.79,20.65,21.03,5.63527675
2016-07-22,21.85,9533226,21.79,22.05,21.4,22.05,21.4,21.79,6.4148666
2016-07-25,21.94,9774349,22.29,22.4,21.74,22.4,21.74,22.29,10.891385
2016-07-26,22.1,8093525,21.94,22.26,21.7,22.4,21.74,22.29,9.1337
2016-07-27,22.11,4698358,22.17,22.4,21.99,22.4,21.99,22.29,7.522077333333333
2016-07-28,21.72,9137202,22.0,22.1,21.64,22.4,21.99,22.29,7.9258585
2016-07-29,21.18,11743880,21.72,21.84,21.07,22.4,21.99,22.29,8.689462800000001
2016-08-01,21.44,5443383,21.15,21.5,21.0,22.1,21.64,22.0,8.774821666666666
2016-08-02,20.95,5242238,21.34,21.45,20.88,21.84,21.07,21.72,7.476500333333333
2016-08-03,21.01,4516215,20.91,21.18,20.9,21.5,21.0,21.34,5.067278666666667
2016-08-04,21.04,5571362,21.07,21.16,20.74,21.5,21.0,21.34,5.1932995
2016-08-05,21.54,7951389,21.11,21.6,21.11,21.6,21.11,21.34,5.7449174
2016-08-08,21.26,5284679,21.55,21.64,21.2,21.64,21.2,21.55,6.269143333333333
2016-08-09,21.29,3766675,21.22,21.4,21.19,21.64,21.2,21.55,5.667581
2016-08-10,21.22,3220742,21.34,21.39,21.11,21.64,21.2,21.55,4.0906986666666665
2016-08-11,21.39,2310438,21.33,21.465,21.17,21.64,21.2,21.55,3.6456335
2016-08-12,21.15,2604372,21.39,21.48,20.99,21.64,21.2,21.55,3.4373812000000004
2016-08-15,21.42,4748229,21.2,21.52,21.1235,21.52,21.17,21.39,3.221013
2016-08-16,21.36,3224093,21.41,21.625,21.24,21.625,21.24,21.41,3.5255646666666665
2016-08-17,21.07,4136708,21.32,21.37,20.84,21.625,21.24,21.41,4.036343333333334
2016-08-18,21.14,3588883,21.11,21.26,21.04,21.625,21.24,21.41,3.92447825
2016-08-19,21.19,2353497,21.06,21.27,21.05,21.625,21.24,21.41,3.610282
2016-08-22,21.32,2457989,21.17,21.34,21.09,21.34,21.09,21.17,2.800123
2016-08-23,21.93,7253722,21.48,22.015,21.32,22.015,21.32,21.48,4.021736
2016-08-24,21.57,4716160,21.87,21.98,21.54,22.015,21.54,21.87,4.809290333333333
2016-08-25,21.57,1875818,21.52,21.69,21.41,22.015,21.54,21.87,4.07592225
2016-08-26,21.19,3383208,21.57,21.73,21.04,22.015,21.54,21.87,3.9373793999999998
2016-08-29,21.18,3908941,21.16,21.39,21.16,21.73,21.41,21.57,3.055989
2016-08-30,21.36,2870220,21.22,21.395,21.18,21.73,21.18,21.57,3.3874563333333336
2016-08-31,21.37,2801308,21.36,21.46,21.175,21.46,21.18,21.36,3.1934896666666663
2016-09-01,21.1,4443091,21.4,21.56,21.04,21.56,21.18,21.4,3.50589
2016-09-02,20.88,4635103,21.21,21.33,20.865,21.56,21.18,21.4,3.7317326
2016-09-06,20.84,4834397,20.9,21.08,20.74,21.33,20.865,21.21,4.73475
2016-09-07,21.08,2809205,20.8,21.14,20.8,21.14,20.8,20.9,3.821801
2016-09-08,20.88,2916202,21.07,21.08,20.85,21.14,20.85,21.07,3.5199346666666664
2016-09-09,20.04,5448314,20.71,20.71,19.82,21.14,20.85,21.07,4.0020295
2016-09-12,20.21,5878300,19.88,20.27,19.8,21.08,20.85,21.07,4.7476053333333335
2016-09-13,19.83,5735837,20.09,20.24,19.545,20.71,19.82,20.71,5.687483666666667
2016-09-14,19.88,5473582,19.8,19.995,19.65,20.27,19.8,20.09,5.695906333333333
2016-09-15,19.99,2662382,19.87,20.09,19.76,20.27,19.8,20.09,4.93752525
2016-09-16,19.57,4479632,19.74,19.83,19.42,20.27,19.8,20.09,4.8459465999999995
2016-09-19,19.87,4406795,19.73,20.25,19.7,20.25,19.76,19.87,3.849603
2016-09-20,19.29,6366373,19.64,19.68,19.1,20.25,19.7,19.74,5.084266666666667
2016-09-21,19.41,5265244,19.29,19.45,19.05,20.25,19.7,19.73,5.346137333333333
2016-09-22,19.86,5603898,19.55,19.92,19.46,20.25,19.7,19.73,5.4105775
2016-09-23,19.81,3918443,19.81,19.99,19.72,20.25,19.72,19.81,5.1121506
2016-09-26,19.77,3674333,19.69,19.86,19.63,19.99,19.72,19.81,4.398891333333333
2016-09-27,19.89,3523270,19.8,20.005,19.71,20.005,19.72,19.81,3.7053486666666666
2016-09-28,20.14,3784218,19.91,20.16,19.85,20.16,19.85,19.91,3.660607
2016-09-29,19.81,3544617,20.14,20.23,19.73,20.23,19.85,20.14,3.6316095
2016-09-30,20.04,3621785,19.92,20.08,19.7,20.23,19.85,20.14,3.6296446
2016-10-03,20.04,3084247,19.93,20.16,19.81,20.23,19.81,20.14,3.416883
2016-10-04,20.09,4787608,20.0,20.25,19.98,20.25,19.98,20.0,3.8312133333333334
2016-10-05,20.45,4555546,20.21,20.655,20.17,20.655,20.17,20.21,4.142467
2016-10-06,20.34,4161396,20.39,20.45,20.2,20.655,20.2,20.39,4.14719925
2016-10-07,19.94,3869495,20.38,20.5,19.89,20.655,20.2,20.39,4.0916584
2016-10-10,19.93,2699989,20.06,20.27,19.93,20.5,20.2,20.39,3.57696
2016-10-11,19.68,5080979,19.85,19.92,19.51,20.5,19.93,20.38,3.8834876666666664
2016-10-12,19.75,4404159,19.68,19.9,19.63,20.27,19.93,20.06,4.061709
2016-10-13,19.4,3543949,19.6,19.65,19.34,20.27,19.93,20.06,3.932269
2016-10-14,19.43,4598445,19.52,19.67,19.35,20.27,19.93,20.06,4.0655042
2016-10-17,19.4,3324696,19.39,19.63,19.34,19.67,19.35,19.6,3.8223633333333336
2016-10-18,19.81,3576371,19.61,19.86,19.45,19.86,19.45,19.61,3.8331706666666667
2016-10-19,19.88,4507430,19.82,19.99,19.72,19.99,19.72,19.82,3.8028323333333334
2016-10-20,19.2,11242300,19.49,20.04,18.68,20.04,19.72,19.82,5.66269925
2016-10-21,19.06,5865101,19.03,19.18,19.01,20.04,19.72,19.82,5.7031795999999995
2016-10-24,19.09,5873702,19.2,19.33,19.0,20.04,19.01,19.49,7.660367666666667
2016-10-25,18.57,6626769,19.02,19.07,18.55,19.33,19.01,19.2,6.121857333333333
2016-10-26,18.58,4057369,18.42,18.78,18.36,19.33,19.0,19.2,5.51928
2016-10-27,18.19,6788741,18.67,18.715999999999998,18.125,19.33,19.0,19.2,5.83664525
2016-10-28,18.51,4416801,18.2,18.7,18.2,19.33,19.0,19.2,5.5526764
2016-10-31,18.6,3174954,18.54,18.76,18.52,18.76,18.52,18.67,4.793498666666667
2016-11-01,18.63,7301711,18.63,18.8,18.35,18.8,18.52,18.63,4.964488666666667
2016-11-02,18.31,5617600,18.57,18.64,18.1,18.8,18.52,18.63,5.364755
2016-11-03,18.01,5352236,18.36,18.45,17.96,18.8,18.52,18.63,5.36162525
2016-11-04,18.24,6939236,18.01,18.59,17.88,18.8,18.52,18.63,5.6771474
2016-11-07,18.6,4123546,18.55,18.72,18.48,18.72,18.48,18.55,5.471672666666667
2016-11-08,18.31,5460241,18.41,18.45,18.01,18.72,18.48,18.55,5.507674333333333
2016-11-09,18.04,10358260,17.99,18.33,17.69,18.72,18.48,18.55,6.647349
2016-11-10,18.69,13626290,18.09,18.71,17.925,18.72,18.48,18.55,8.39208425
2016-11-11,18.32,9359336,18.66,18.8,18.31,18.8,18.48,18.66,8.585534599999999
2016-11-14,18.64,4716300,18.47,18.755,18.36,18.8,18.36,18.66,9.233975333333333
2016-11-15,18.66,4162892,18.54,18.7831,18.25,18.8,18.36,18.66,6.079509333333333
2016-11-16,18.44,3077153,18.6,18.73,18.42,18.7831,18.42,18.6,3.9854483333333337
2016-11-17,18.94,5420881,18.65,19.025,18.64,19.025,18.64,18.65,4.3443065
2016-11-18,18.84,3629742,18.93,19.02,18.8,19.025,18.8,18.93,4.201393599999999
2016-11-21,18.91,8148303,18.89,19.015,18.375,19.025,18.8,18.93,5.732975333333333
2016-11-22,18.82,4808785,18.93,18.96,18.705,19.02,18.8,18.93,5.528943333333333
2016-11-23,18.99,6268081,18.85,19.125,18.78,19.125,18.78,18.93,6.408389666666667
2016-11-25,19.27,2361911,18.99,19.465,18.99,19.465,18.99,18.99,5.39677
2016-11-28,19.1,7022601,19.29,19.29,18.99,19.465,18.99,19.29,4.692256
2016-11-29,19.29,8457967,19.13,19.52,19.1,19.52,19.1,19.29,5.947493
2016-11-30,18.86,7322110,19.33,19.46,18.85,19.52,19.1,19.33,7.600892666666667
2016-12-01,18.39,4991133,18.87,19.03,18.37,19.52,19.1,19.33,6.94845275
2016-12-02,18.31,4022626,18.41,18.705,18.29,19.52,19.1,19.33,6.363287400000001
2016-12-05,18.28,7624496,18.44,18.64,18.25,19.03,18.37,18.87,5.546085
2016-12-06,18.68,8048711,18.58,18.77,18.35,18.77,18.35,18.58,6.565277666666667
2016-12-07,19.31,7099389,18.68,19.37,18.6,19.37,18.6,18.68,7.590865333333333
2016-12-08,19.85,7334897,19.39,20.17,19.38,20.17,19.38,19.39,7.52687325
2016-12-09,19.6,5453225,19.72,19.76,19.3,20.17,19.38,19.72,7.1121436
2016-12-12,19.83,5584066,19.51,19.93,19.49,20.17,19.49,19.72,6.124062666666667
2016-12-13,19.7,4233076,19.94,19.99,19.63,19.99,19.63,19.94,5.090122333333333
2016-12-14,19.09,5900011,19.7,19.77,19.06,19.99,19.63,19.94,5.239051
2016-12-15,18.73,8310810,19.09,19.51,18.66,19.99,19.63,19.94,6.00699075
2016-12-16,18.83,8130280,18.71,19.0,18.63,19.99,19.63,19.94,6.4316486
2016-12-19,18.91,5561260,18.91,19.405,18.825,19.51,18.825,19.09,7.334116666666667
2016-12-20,19.09,4329660,18.92,19.17,18.89,19.405,18.89,18.92,6.007066666666667
2016-12-21,19.15,2759353,19.05,19.26,19.05,19.405,19.05,19.05,4.216757666666667
2016-12-22,18.55,4265043,19.11,19.17,18.5,19.405,19.05,19.11,4.228829
2016-12-23,18.38,3559409,18.63,18.63,18.29,19.405,19.05,19.11,4.094945
2016-12-27,18.62,2509184,18.43,18.63,18.4,18.63,18.4,18.63,3.0342965
2016-12-28,18.45,4133245,18.68,18.72,18.365,18.72,18.4,18.68,3.3212145
2016-12-29,18.5,1970239,18.52,18.61,18.48,18.72,18.48,18.68,2.8708893333333334
2016-12-30,18.38,2948541,18.54,18.62,18.31,18.72,18.48,18.68,2.89030225
2017-01-03,18.55,3364704,18.55,18.665,18.18,18.665,18.31,18.55,3.1566225
2017-01-04,18.99,6343315,18.67,19.085,18.65,19.085,18.65,18.67,4.8540095
2017-01-05,18.93,5056205,18.91,19.08,18.685,19.085,18.685,18.91,4.921408
2017-01-06,18.46,5333225,19.05,19.14,18.415,19.14,18.685,19.05,5.02436225
2017-01-09,18.53,3801696,18.43,18.61,18.235,19.14,18.685,19.05,4.730375333333333
2017-01-10,18.69,2743938,18.62,18.82,18.53,19.14,18.53,19.05,3.9596196666666663
2017-01-11,18.84,2441642,18.67,18.87,18.545,18.87,18.545,18.67,2.9957586666666667
2017-01-12,19.01,3431734,18.81,19.03,18.54,19.03,18.545,18.81,3.1047525
2017-01-13,19.19,3029805,19.0,19.21,19.0,19.21,19.0,19.0,3.089763
2017-01-17,19.16,2914482,19.11,19.29,18.95,19.29,19.0,19.11,2.9721435
2017-01-18,19.21,3261208,19.18,19.3,19.05,19.3,19.05,19.18,3.087845
2017-01-19,18.94,4995139,19.2,19.35,18.87,19.35,19.05,19.2,3.7236096666666665
2017-01-20,19.12,5689417,18.96,19.15,18.88,19.35,19.05,19.2,4.2150615
2017-01-23,19.21,3767554,19.05,19.395,19.02,19.395,19.02,19.2,4.81737
2017-01-24,20.34,7873746,19.62,20.35,19.59,20.35,19.59,19.62,5.776905666666667
2017-01-25,20.44,8525595,20.36,20.735,20.325,20.735,20.325,20.36,6.722298333333333
2017-01-26,21.18,13807410,21.05,21.985,21.01,21.985,21.01,21.05,8.49357625
2017-01-27,21.26,10767230,21.36,21.585,21.2,21.985,21.2,21.36,8.948307
2017-01-30,21.39,7107798,21.22,21.485,20.92,21.985,21.2,21.36,10.560812666666665
2017-01-31,21.51,6857673,21.39,21.56,21.2043,21.585,21.2043,21.39,8.244233666666666
2017-02-01,21.21,8274866,21.54,21.64,21.18,21.64,21.2043,21.54,7.413445666666667
2017-02-02,21.26,5562765,21.25,21.51,21.0895,21.64,21.2043,21.54,6.9507755
2017-02-03,21.39,4466726,21.41,21.55,21.18,21.64,21.2043,21.54,6.453965599999999
2017-02-06,21.29,4626361,21.36,21.44,21.18,21.55,21.18,21.41,4.885284
2017-02-07,21.25,5002752,21.62,21.62,21.14,21.62,21.18,21.62,4.698613
2017-02-08,21.27,4153781,21.14,21.37,21.06,21.62,21.18,21.62,4.594298
2017-02-09,21.4,3320694,21.3,21.455,21.13,21.62,21.18,21.62,4.275897
2017-02-10,21.62,3532424,21.46,21.69,21.4,21.69,21.4,21.62,4.1272024
2017-02-13,21.52,3116760,21.7,21.75,21.51,21.75,21.51,21.7,3.3232926666666667
2017-02-14,21.49,4346309,21.79,21.88,21.4,21.88,21.51,21.79,3.6651643333333337
2017-02-15,21.63,4351177,21.4,21.705,21.28,21.88,21.51,21.79,3.938082
2017-02-16,21.34,3727220,21.61,21.75,21.32,21.88,21.51,21.79,3.8853665
2017-02-17,21.4,3307560,21.29,21.41,21.13,21.88,21.51,21.79,3.7698052
2017-02-21,21.61,4343814,21.51,21.65,21.39,21.65,21.39,21.51,3.825687
2017-02-22,21.71,7004113,21.93,21.93,21.63,21.93,21.63,21.93,5.6739635
2017-02-23,21.6,3746198,21.78,21.79,21.5,21.93,21.63,21.93,5.031375
2017-02-24,21.73,4985518,21.53,21.77,21.31,21.93,21.63,21.93,5.01991075
2017-02-27,22.1,6539060,21.65,22.16,21.65,22.16,21.65,21.78,5.090258666666667
2017-02-28,22.05,6841353,22.07,22.19,21.92,22.19,21.92,22.07,6.121977
2017-03-01,22.49,7499074,22.25,22.73,22.21,22.73,22.21,22.25,6.959829
2017-03-02,22.42,4936957,22.51,22.71,22.36,22.73,22.36,22.51,6.454111
2017-03-03,22.48,5033425,22.37,22.555,22.21,22.73,22.36,22.51,6.1699738
2017-03-06,22.46,6289886,22.33,22.565,22.2,22.71,22.36,22.51,5.420089333333333
2017-03-07,22.79,7282047,22.46,22.94,22.32,22.94,22.32,22.46,6.201786
2017-03-08,23.16,10662910,22.73,23.25,22.72,23.25,22.72,22.73,8.078281
2017-03-09,23.12,8808762,23.16,23.425,22.89,23.425,22.89,23.16,8.26090125
2017-03-10,23.53,10819120,23.41,23.82,23.3,23.82,23.3,23.41,8.772545
2017-03-13,23.39,6186326,23.6,23.64,23.17,23.82,23.3,23.6,8.604736
2017-03-14,23.18,6175700,23.27,23.27,22.87,23.82,23.3,23.6,7.727048666666667
2017-03-15,23.43,5105460,23.28,23.57,23.09,23.64,23.17,23.6,5.822495333333333
2017-03-16,23.81,7642158,23.5,24.05,23.49,24.05,23.49,23.6,6.277411
2017-03-17,23.72,8350620,23.87,23.92,23.57,24.05,23.57,23.87,6.6920528
2017-03-20,23.74,3593529,23.7,23.8,23.53,24.05,23.57,23.87,6.528769
2017-03-21,23.4,5417742,23.8,23.88,23.25,23.92,23.57,23.87,5.787297
2017-03-22,23.37,7081495,23.4,23.45,23.09,23.88,23.53,23.8,5.364255333333333
2017-03-23,23.42,3600759,23.37,23.76,23.365,23.88,23.53,23.8,4.92338125
2017-03-24,23.49,3311575,23.53,23.66,23.3,23.88,23.53,23.8,4.60102
2017-03-27,23.47,3723222,23.18,23.55,23.13,23.76,23.365,23.53,3.5451853333333334
2017-03-28,23.73,3967614,23.4,23.81,23.37,23.81,23.37,23.53,3.6674703333333336
2017-03-29,23.75,2555368,23.65,23.83,23.5842,23.83,23.5842,23.65,3.4154013333333335
2017-03-30,23.83,2600626,23.74,23.87,23.64,23.87,23.64,23.74,3.2117075
2017-03-31,23.55,4571771,23.78,23.84,23.49,23.87,23.64,23.78,3.4837202
2017-04-03,23.48,3617919,23.65,23.72,23.32,23.87,23.64,23.78,3.596772
2017-04-04,23.37,3170275,23.41,23.55,23.31,23.84,23.49,23.78,3.786655
2017-04-05,23.29,5344448,23.45,23.73,23.2,23.73,23.32,23.65,4.044214
2017-04-06,23.36,6105190,23.31,23.615,23.25,23.73,23.32,23.65,4.559458
2017-04-07,23.28,7508976,23.3,23.46,23.24,23.73,23.32,23.65,5.1493616
2017-04-10,23.46,3311379,23.28,23.6,23.28,23.615,23.28,23.31,5.641848333333333
2017-04-11,23.76,4407819,23.45,23.83,23.385,23.83,23.385,23.45,5.076058
2017-04-12,23.77,3901179,23.76,23.89,23.57,23.89,23.57,23.76,3.873459
2017-04-13,23.71,4503325,23.76,23.97,23.68,23.97,23.68,23.76,4.0309255
2017-04-17,24.11,4580458,23.76,24.15,23.72,24.15,23.72,23.76,4.5418915
2017-04-18,24.2,4387383,24.04,24.31,23.83,24.31,23.83,24.04,4.4839205
2017-04-19,24.19,4227465,24.27,24.36,24.11,24.36,24.11,24.27,4.398435333333333
2017-04-20,23.34,9572657,24.38,24.43,23.175,24.43,24.11,24.38,5.69199075
2017-04-21,23.32,5754203,23.28,23.39,23.09,24.43,24.11,24.38,5.7044332
2017-04-24,23.08,9885282,23.61,23.62,22.9,24.43,23.175,24.38,8.404047333333335
2017-04-25,22.2,16840640,22.16,22.37,21.41,23.62,23.09,23.61,10.826708333333334
2017-04-26,22.7,10689710,22.15,22.9,22.11,23.62,22.9,23.61,12.471877333333333
2017-04-27,22.87,8270099,22.75,22.95,22.555,23.62,22.9,23.61,11.42143275
2017-04-28,22.67,6637263,22.83,22.86,22.45,23.62,22.9,23.61,10.464598800000001
2017-05-01,22.48,6710384,22.7,22.845,22.44,22.95,22.555,22.83,7.2059153333333335
2017-05-02,22.32,5405003,22.47,22.52,22.18,22.86,22.45,22.83,6.250883333333333
2017-05-03,22.18,5667347,22.32,22.3939,22.07,22.845,22.44,22.7,5.927578
2017-05-04,22.15,5948898,22.2,22.35,22.14,22.845,22.44,22.7,5.932908
2017-05-05,22.34,5997450,22.29,22.39,22.17,22.845,22.44,22.7,5.9458164
2017-05-08,22.25,6784234,22.32,22.435,22.15,22.435,22.17,22.32,6.243527333333333
2017-05-09,22.71,6664448,22.33,22.805,22.28,22.805,22.28,22.33,6.482044
2017-05-10,22.89,4487413,22.63,22.89,22.48,22.89,22.48,22.63,5.978698333333333
2017-05-11,23.02,5652136,22.86,23.07,22.68,23.07,22.68,22.86,5.89705775
2017-05-12,22.75,2944231,23.0,23.06,22.69,23.07,22.69,23.0,5.306492400000001
2017-05-15,22.94,4405030,22.79,23.06,22.765,23.07,22.765,23.0,4.333799
2017-05-16,23.07,3079939,23.02,23.14,22.87,23.14,22.87,23.02,3.4764
2017-05-17,22.54,3660503,22.86,23.05,22.54,23.14,22.87,23.02,3.7151573333333334
2017-05-18,22.75,3234040,22.5,22.86,22.3,23.14,22.87,23.02,3.594878
2017-05-19,23.13,3835508,22.84,23.215,22.77,23.215,22.87,23.02,3.643004
2017-05-22,23.29,3773210,23.15,23.38,23.12,23.38,23.12,23.15,3.6142526666666663
2017-05-23,22.92,4505155,23.51,23.615,22.84,23.615,23.12,23.51,4.037957666666666
2017-05-24,23.08,3967261,22.87,23.09,22.74,23.615,23.12,23.51,4.0818753333333335
2017-05-25,22.89,3380616,23.17,23.225,22.83,23.615,23.12,23.51,3.9065605
2017-05-26,22.84,2457946,22.87,22.91,22.8,23.615,23.12,23.51,3.6168376
2017-05-30,22.67,3130304,22.8,22.875,22.52,22.91,22.8,22.87,2.794125
2017-05-31,22.67,6095651,22.82,22.84,22.56,22.875,22.56,22.82,4.6129775
2017-06-01,23.08,4058883,22.69,23.08,22.62,23.08,22.62,22.82,4.428279333333333
2017-06-02,23.71,6980352,23.14,23.79,23.14,23.79,23.14,23.14,5.0662975
2017-06-05,23.4,3802651,23.65,23.71,23.27,23.79,23.27,23.65,4.947295333333333
2017-06-06,23.44,4027910,23.21,23.55,23.08,23.79,23.27,23.65,4.936971
2017-06-07,23.59,5140556,23.45,23.68,23.39,23.71,23.39,23.65,4.323705666666667
2017-06-08,23.42,3820225,23.52,23.61,23.29,23.71,23.39,23.65,4.1978355
2017-06-09,23.44,3838537,23.45,23.52,23.205,23.71,23.39,23.65,4.1259758
2017-06-12,23.47,4368251,23.4,23.67,23.39,23.67,23.39,23.52,4.009004333333333
2017-06-13,24.12,5989228,23.49,24.16,23.47,24.16,23.47,23.49,4.732005333333333
2017-06-14,24.28,7297011,24.24,24.73,24.12,24.73,24.12,24.24,5.88483
2017-06-15,24.08,4211499,24.04,24.25,23.9499,24.73,24.12,24.24,5.46649725
2017-06-16,24.01,4161856,23.97,24.15,23.72,24.73,24.12,24.24,5.205569
2017-06-19,24.16,5202667,24.17,24.36,24.03,24.36,24.03,24.17,4.525340666666667
2017-06-20,24.23,6399990,24.44,24.69,24.17,24.69,24.17,24.44,5.254837666666667
2017-06-21,24.28,4575070,24.22,24.47,24.0,24.69,24.17,24.44,5.392575666666667
2017-06-22,24.04,5489132,24.2,24.25,23.96,24.69,24.17,24.44,5.41671475
2017-06-23,24.15,6659433,24.22,24.43,24.11,24.69,24.17,24.44,5.665258400000001
2017-06-26,24.19,3661324,24.21,24.3003,24.16,24.43,24.16,24.22,5.269963
2017-06-27,24.07,7175042,24.18,24.4,24.01,24.43,24.16,24.22,5.831933
2017-06-28,24.49,5145415,24.24,24.66,24.15,24.66,24.16,24.24,5.327260333333333
2017-06-29,24.06,8946772,24.43,24.47,23.9,24.66,24.16,24.43,6.23213825
2017-06-30,24.53,4704329,24.17,24.72,24.17,24.72,24.17,24.43,5.9265764
2017-07-03,24.49,1634946,24.59,24.7,24.46,24.72,24.46,24.59,5.095349
2017-07-05,24.64,7304579,24.43,24.8,24.2,24.8,24.46,24.59,4.4697625
2017-07-06,24.41,8924099,24.57,24.66,24.41,24.8,24.46,24.59,5.954541333333333
2017-07-07,24.94,9595304,24.43,25.2,24.42,25.2,24.46,24.59,6.864732
2017-07-10,25.07,8596035,24.66,25.17,24.65,25.2,24.65,24.66,9.038479333333333
2017-07-11,24.67,6306384,24.68,24.935,24.44,25.2,24.65,24.68,8.165907666666667
2017-07-12,24.39,5282387,24.81,25.0,24.27,25.17,24.65,24.81,6.728268666666667
2017-07-13,24.37,5843190,24.59,24.695,24.29,25.17,24.65,24.81,6.506999
2017-07-14,24.36,4333876,24.36,24.6,24.31,25.17,24.65,24.81,6.0723744
2017-07-17,24.36,5936286,24.35,24.59,24.3211,24.695,24.3211,24.59,5.371117333333333
2017-07-18,24.16,3839766,24.28,24.385,23.81,24.6,24.3211,24.36,4.703309333333333
2017-07-19,24.46,5182900,24.27,24.59,24.25,24.59,24.3211,24.35,4.986317333333333
2017-07-20,24.29,3105391,24.48,24.5,24.08,24.59,24.3211,24.48,4.51608575
2017-07-21,24.31,5755698,24.27,24.71,24.2,24.71,24.3211,24.48,4.7640082
2017-07-24,24.42,4844074,24.29,24.61,24.2,24.71,24.2,24.48,4.568387666666667
2017-07-25,24.54,6650118,24.3,24.63,23.98,24.71,24.2,24.3,5.749963333333333
2017-07-26,24.29,4257096,24.37,24.705,24.26,24.705,24.26,24.37,5.250429333333333
2017-07-27,24.36,4336554,24.32,24.55,24.11,24.705,24.26,24.37,5.0219605
2017-07-28,24.35,3788604,24.3,24.495,24.15,24.705,24.26,24.37,4.7752892000000005
2017-07-31,24.42,3644221,24.41,24.53,24.23,24.55,24.23,24.41,3.9231263333333333
2017-08-01,24.89,4329141,24.47,25.05,24.43,25.05,24.43,24.47,3.9206553333333334
2017-08-02,25.2,5019654,24.9,25.26,24.75,25.26,24.75,24.9,4.331005333333333
2017-08-03,25.29,5091047,25.26,25.51,25.175,25.51,25.175,25.26,4.52101575
2017-08-04,25.6,5808297,25.32,25.72,25.32,25.72,25.32,25.32,4.778472
2017-08-07,25.46,4602212,25.63,25.74,25.35,25.74,25.35,25.63,5.167185333333333
2017-08-08,25.31,3860065,25.46,25.585,25.28,25.74,25.35,25.63,4.756858
2017-08-09,25.31,3419089,25.21,25.43,25.14,25.74,25.35,25.63,3.9604553333333334
2017-08-10,24.78,4282644,25.17,25.26,24.7747,25.74,25.35,25.63,4.0410025
2017-08-11,24.84,2899331,24.73,25.0,24.66,25.74,25.35,25.63,3.8126682
2017-08-14,25.39,4411626,25.03,25.43,25.005,25.43,25.005,25.17,3.8645336666666665
2017-08-15,25.53,2603453,25.4,25.56,25.33,25.56,25.33,25.4,3.3048033333333335
2017-08-16,25.92,6374964,25.53,25.97,25.44,25.97,25.44,25.53,4.463347666666667
2017-08-17,25.44,4577508,25.83,26.0,25.42,26.0,25.44,25.83,4.49188775
2017-08-18,25.28,3649662,25.36,25.585,25.245,26.0,25.44,25.83,4.3234426
2017-08-21,25.4,3550966,25.19,25.465,25.13,26.0,25.42,25.83,3.9260453333333336
2017-08-22,25.27,4335334,25.35,25.42,24.935,25.585,25.245,25.36,3.8453206666666664
2017-08-23,24.94,4775149,25.16,25.35,24.89,25.465,25.13,25.35,4.220483
2017-08-24,24.91,2970938,25.07,25.14,24.86,25.465,25.13,25.35,3.90809675
2017-08-25,25.31,3184484,25.01,25.43,25.01,25.465,25.13,25.35,3.7633742000000003
2017-08-28,25.3,2619702,25.34,25.38,25.145,25.43,25.145,25.34,2.9250413333333336
2017-08-29,25.31,3058255,25.11,25.386999999999997,25.04,25.43,25.145,25.34,2.954147
2017-08-30,25.51,2995263,25.31,25.575,25.28,25.575,25.28,25.34,2.8910733333333334
2017-08-31,25.82,3618449,25.6,25.89,25.54,25.89,25.54,25.6,3.07291725
2017-09-01,25.87,2371007,25.88,26.05,25.8,26.05,25.8,25.88,2.9325352000000002
2017-09-05,25.65,4248887,25.86,25.96,25.48,26.05,25.8,25.88,3.309947
2017-09-06,25.63,3990882,25.71,25.95,25.555,25.96,25.555,25.86,4.1198845
2017-09-07,25.42,3921583,25.68,25.7896,25.38,25.96,25.555,25.86,4.053784
2017-09-08,25.76,2568964,25.43,25.975,25.35,25.975,25.555,25.86,3.682579
2017-09-11,26.17,4351749,25.92,26.25,25.84,26.25,25.84,25.92,3.6140986666666666
2017-09-12,26.47,3042495,26.21,26.5,26.09,26.5,26.09,26.21,3.3210693333333334
2017-09-13,26.19,7016170,26.5,26.64,25.75,26.64,26.09,26.5,4.803471333333333
2017-09-14,26.37,3623107,26.13,26.48,26.01,26.64,26.09,26.5,4.50838025
2017-09-15,26.29,7211581,26.3,26.43,26.02,26.64,26.09,26.5,5.049020400000001
2017-09-18,26.33,4618972,26.33,26.43,26.14,26.48,26.14,26.33,5.15122
2017-09-19,26.23,5027522,26.33,26.48,26.2,26.48,26.2,26.33,5.6193583333333335
2017-09-20,25.66,5170685,26.22,26.26,25.555,26.48,26.2,26.33,4.939059666666667
2017-09-21,25.65,3558134,25.71,25.755,25.49,26.48,26.2,26.33,4.59382825
2017-09-22,25.88,4243384,25.66,26.02,25.63,26.48,26.2,26.33,4.5237394
2017-09-25,26.17,3680109,25.76,26.25,25.74,26.25,25.74,25.76,3.827209
2017-09-26,26.33,3161707,26.26,26.55,26.19,26.55,26.19,26.26,3.6950666666666665
2017-09-27,26.53,2960264,26.47,26.64,26.2,26.64,26.2,26.47,3.26736
2017-09-28,26.97,4356984,26.53,26.99,26.53,26.99,26.53,26.53,3.539766
2017-09-29,27.33,4973270,27.04,27.51,27.04,27.51,27.04,27.04,3.8264668
2017-10-02,27.37,3393181,27.43,27.56,27.13,27.56,27.13,27.43,4.241145
2017-10-03,27.51,4604247,27.6,27.76,27.04,27.76,27.13,27.6,4.323566
2017-10-04,27.63,3179381,27.51,27.7,27.37,27.76,27.37,27.6,3.725603
2017-10-05,27.2,4278187,27.68,27.72,27.19,27.76,27.37,27.68,3.863749
2017-10-06,27.23,3281150,27.21,27.46,27.115,27.76,27.37,27.68,3.7472292
2017-10-09,27.15,2766147,27.26,27.38,26.95,27.72,27.19,27.68,3.441828
2017-10-10,26.85,4769659,27.2,27.23,26.68,27.46,27.115,27.26,3.605652
2017-10-11,26.97,4772697,26.86,27.02,26.755,27.38,26.95,27.26,4.102834333333334
2017-10-12,27.09,3586825,26.9,27.29,26.9,27.38,26.95,27.26,3.973832
2017-10-13,27.07,1891881,27.12,27.18,26.99,27.38,26.99,27.26,3.5574418
2017-10-16,27.11,2105295,27.1,27.21,27.06,27.29,27.06,27.12,2.5280003333333334
2017-10-17,27.32,3706104,27.15,27.43,27.01,27.43,27.06,27.15,2.56776
2017-10-18,27.33,2321012,27.37,27.45,27.21,27.45,27.21,27.37,2.7108036666666666
2017-10-19,27.78,5375592,27.31,27.86,27.06,27.86,27.21,27.37,3.37700075
2017-10-20,28.0,5478808,27.64,28.01,27.63,28.01,27.63,27.64,3.7973622000000002
2017-10-23,27.9,4996121,28.0,28.19,27.82,28.19,27.82,28.0,5.283507
2017-10-24,28.68,7600355,27.99,28.92,27.5,28.92,27.82,28.0,6.025094666666667
2017-10-25,29.23,7711685,29.4,29.8,29.01,29.8,29.01,29.4,6.769387
2017-10-26,29.76,5457797,29.36,29.82,29.3,29.82,29.3,29.4,6.4414895
2017-10-27,30.07,4849256,29.79,30.16,29.57,30.16,29.57,29.79,6.1230427999999995
2017-10-30,29.79,7691019,30.02,30.33,29.69,30.33,29.69,30.02,5.999357333333333
2017-10-31,30.23,5503206,29.8,30.37,29.714000000000002,30.37,29.714000000000002,30.02,6.014493666666667
2017-11-01,30.41,6414453,30.35,30.62,30.07,30.62,30.07,30.35,6.536226
2017-11-02,30.09,10396790,30.37,30.48,29.265,30.62,30.07,30.37,7.501367
2017-11-03,30.31,4877061,30.07,30.57,29.92,30.62,30.07,30.37,6.9765058
2017-11-06,30.5,4012519,30.37,30.62,30.18,30.62,30.18,30.37,6.42879
2017-11-07,30.44,3201979,30.58,30.729,30.255,30.729,30.255,30.58,4.030519666666667
2017-11-08,30.91,3439098,30.35,30.985,30.12,30.985,30.255,30.58,3.5511986666666666
2017-11-09,31.07,5034328,30.58,31.3,30.52,31.3,30.52,30.58,3.921981
2017-11-10,31.15,5115345,30.97,31.36,30.83,31.36,30.83,30.97,4.1606537999999995
2017-11-13,31.57,4867297,31.11,31.67,31.07,31.67,31.07,31.11,5.005656666666667
2017-11-14,31.77,4317664,31.11,31.88,31.04,31.88,31.07,31.11,4.766768666666667
2017-11-15,31.73,3977295,31.65,31.76,31.28,31.88,31.28,31.65,4.387418666666667
2017-11-16,31.9,7347744,31.78,32.27,31.69,32.27,31.69,31.78,5.1275
2017-11-17,32.25,6247624,31.8,32.45,31.75,32.45,31.75,31.8,5.3515248
2017-11-20,32.45,6236957,32.27,32.8,32.25,32.8,32.25,32.27,6.610775
2017-11-21,32.73,5189126,32.46,32.895,32.46,32.895,32.46,32.46,5.891235666666667
2017-11-22,32.84,3968559,32.78,32.95,32.56,32.95,32.56,32.78,5.131547333333333
2017-11-24,33.15,1626568,32.91,33.25,32.9,33.25,32.9,32.91,4.2553025
2017-11-27,32.79,3879754,33.1,33.12,32.76,33.25,32.9,33.1,2.753161
2017-11-28,33.24,4069611,32.87,33.37,32.87,33.37,32.9,33.1,3.1919776666666664
2017-11-29,33.81,5006478,33.3,33.87,33.23,33.87,33.23,33.3,4.318614333333333
2017-11-30,34.13,6772559,33.9,34.6,33.775,34.6,33.775,33.9,4.9321005
2017-12-01,33.94,5772758,34.01,34.21,33.05,34.6,33.775,34.01,5.100232
2017-12-04,34.44,6465507,34.5,34.59,34.16,34.6,34.16,34.5,6.336941333333333
2017-12-05,33.49,7962514,33.74,33.775,32.88,34.59,34.16,34.5,6.733593
2017-12-06,33.1,4958923,33.44,33.71,33.03,34.59,34.16,34.5,6.462314666666667
2017-12-07,33.59,5180195,33.0,33.69,32.98,34.59,34.16,34.5,6.14178475
2017-12-08,34.1,3869384,33.75,34.24,33.6,34.59,34.16,34.5,5.6873046
2017-12-11,33.81,4009398,34.01,34.14,33.6,34.24,33.6,34.01,4.352992333333333
2017-12-12,33.69,3353098,33.78,34.08,33.62,34.24,33.62,34.01,3.74396
2017-12-13,33.32,4041890,33.81,33.86,33.28,34.14,33.62,34.01,3.801462
2017-12-14,33.05,5450512,33.3,33.5316,32.96,34.14,33.62,34.01,4.2137245
2017-12-15,33.43,8090051,33.27,33.49,33.03,34.14,33.62,34.01,4.9889898
2017-12-18,33.84,3386731,33.73,33.89,33.54,33.89,33.54,33.73,5.642431333333333
2017-12-19,33.37,3831306,33.89,34.09,33.36,34.09,33.54,33.89,5.102696
2017-12-20,33.54,3069158,33.65,33.96,33.385,34.09,33.54,33.89,3.429065
2017-12-21,33.77,2531001,33.64,33.98,33.63,34.09,33.63,33.89,3.204549
2017-12-22,33.37,5198786,33.89,33.89,33.32,34.09,33.63,33.89,3.6033964
2017-12-26,33.56,2360947,33.44,33.79,33.4198,33.89,33.4198,33.89,3.7798665
2017-12-27,33.52,3150210,33.62,33.8,33.52,33.8,33.52,33.62,2.7555785
2017-12-28,33.72,1487818,33.59,33.76,33.5,33.8,33.52,33.62,2.3329916666666666
2017-12-29,33.25,2527517,33.89,33.9861,33.24,33.9861,33.52,33.89,2.381623
2018-01-02,33.37,2937750,33.45,33.67,32.902,33.9861,33.24,33.89,2.7326335
2018-01-03,34.27,4296239,33.49,34.305,33.35,34.305,33.35,33.49,3.6169945
2018-01-04,33.83,4755836,34.31,34.39,33.55,34.39,33.55,34.31,3.9966083333333335
2018-01-05,34.54,4926332,34.07,34.6199,34.03,34.6199,34.03,34.31,4.22903925
2018-01-08,34.44,4440796,34.59,34.73,34.3,34.73,34.3,34.59,4.7076546666666665
2018-01-09,34.65,3490748,34.49,35.01,34.3744,35.01,34.3744,34.59,4.285958666666667
2018-01-10,33.67,5004595,34.42,34.5199,33.5845,35.01,34.3744,34.59,4.312046333333333
2018-01-11,34.52,4284878,33.98,34.54,33.95,35.01,34.3744,34.59,4.30525425
2018-01-12,34.48,2414743,34.6,34.6,34.23,35.01,34.3744,34.6,3.927152
2018-01-16,33.76,3074991,34.6,34.71,33.74,34.71,34.23,34.6,2.744867
2018-01-17,34.4,2407611,34.05,34.45,33.86,34.71,33.86,34.6,2.741301
2018-01-18,34.15,3070633,34.84,34.93,34.1,34.93,34.1,34.84,2.8510783333333336
2018-01-19,34.6,3242940,34.35,34.6,34.09,34.93,34.1,34.84,2.94904375
2018-01-22,35.15,3933412,34.61,35.19,34.5,35.19,34.5,34.84,3.4156616666666664
2018-01-23,34.93,3636244,35.15,35.21,34.455,35.21,34.5,35.15,3.6041986666666666
2018-01-24,34.81,4375745,34.95,35.14,34.46,35.21,34.5,35.15,3.9818003333333336
2018-01-25,34.26,5915186,34.88,34.89,33.37,35.21,34.5,35.15,4.46514675
2018-01-26,34.52,7041657,34.48,34.835,33.98,35.21,34.5,35.15,4.9804488
2018-01-29,33.43,11108950,34.32,34.36,33.05,34.89,33.98,34.88,8.021931
2018-01-30,32.72,12480840,32.77,32.94,31.57,34.835,33.98,34.48,10.210482333333333
2018-01-31,31.83,8192776,33.25,33.75,31.77,34.36,33.05,34.32,10.594188666666666
2018-02-01,31.46,6530848,31.49,32.16,31.19,34.36,33.05,34.32,9.5783535
2018-02-02,30.7,5696538,31.14,31.33,30.51,34.36,33.05,34.32,8.801990400000001
2018-02-05,29.35,8650085,30.38,31.08,29.15,32.16,31.19,31.49,6.959157
2018-02-06,30.16,6148804,28.53,30.36,28.33,31.33,30.51,31.14,6.831809
2018-02-07,29.91,5597302,30.08,31.02,29.9,31.08,29.9,30.38,6.798730333333333
2018-02-08,28.67,5762239,29.96,30.15,28.67,31.08,29.9,30.38,6.5396075
2018-02-09,28.71,6842960,29.09,29.19,28.029,31.08,29.9,30.38,6.600278
2018-02-12,29.18,6652407,29.07,29.49,28.89,30.15,28.89,29.96,6.419202
2018-02-13,29.0,3905662,29.08,29.27,28.8,29.49,28.89,29.09,5.800343
2018-02-14,29.46,6174993,28.79,29.64,28.665,29.64,28.89,29.08,5.577687333333333
2018-02-15,29.5,5294971,29.75,29.75,29.035,29.75,29.035,29.75,5.50700825
2018-02-16,29.74,4921894,29.61,30.02,29.53,30.02,29.53,29.75,5.3899854000000005
2018-02-20,29.47,3439711,29.68,29.84,29.26,30.02,29.53,29.68,4.1808025
2018-02-21,29.34,5213645,29.59,30.42,29.34,30.42,29.34,29.68,4.326678
2018-02-22,29.19,3544609,29.46,29.55,29.125,30.42,29.34,29.68,4.065988333333333
2018-02-23,29.27,3880177,29.23,29.3651,28.75,30.42,29.34,29.68,4.0195355
2018-02-26,29.34,2887702,29.46,29.5,28.96,29.55,29.125,29.46,3.437496
2018-02-27,28.5,5758120,29.47,29.94,28.49,29.94,28.96,29.47,4.175333
2018-02-28,28.07,8064327,28.57,28.74,27.84,29.94,28.96,29.47,5.570049666666667
2018-03-01,28.72,8429665,28.11,28.72,27.94,29.94,28.96,29.47,6.2849535
2018-03-02,28.95,5344840,28.43,29.005,28.21,29.94,28.96,29.47,6.0969308
2018-03-05,29.31,6867940,28.79,29.52,28.64,29.52,28.64,28.79,6.880815
2018-03-06,29.9,4124590,29.49,29.93,29.19,29.93,29.19,29.49,5.44579
2018-03-07,29.62,2835429,29.7,29.99,29.4172,29.99,29.4172,29.7,4.609319666666667
2018-03-08,29.52,3327788,29.73,29.76,29.165,29.99,29.4172,29.73,4.28893675
2018-03-09,30.04,2742533,29.7,30.05,29.275,30.05,29.4172,29.73,3.979656
2018-03-12,30.18,3654304,30.0,30.3,29.92,30.3,29.92,30.0,3.2415416666666665
2018-03-13,30.44,2916960,30.42,30.725,30.32,30.725,30.32,30.42,3.104599
2018-03-14,29.55,7381794,30.47,30.47,29.52,30.725,30.32,30.47,4.651019333333333
2018-03-15,28.97,3508174,29.6,29.68,28.885,30.725,30.32,30.47,4.365308
2018-03-16,29.38,6294505,28.97,29.48,28.61,30.725,30.32,30.47,4.751147400000001
2018-03-19,29.1,2332049,29.26,29.4,28.85,29.68,28.885,29.6,4.044909333333334
2018-03-20,28.93,2619246,29.17,29.385,28.89,29.48,28.89,29.26,3.7486
2018-03-21,29.39,4559449,29.01,29.71,28.89,29.71,28.89,29.26,3.170248
2018-03-22,29.0,4781816,29.11,29.745,29.0,29.745,29.0,29.26,3.57314
2018-03-23,28.65,3001678,29.28,29.79,28.615,29.79,29.0,29.28,3.4588476
2018-03-26,29.17,3172534,29.07,29.35,28.66,29.79,29.0,29.28,3.6520093333333334
2018-03-27,29.23,4211209,29.26,29.645,29.01,29.79,29.01,29.28,3.461807
2018-03-28,29.08,3894668,29.18,29.46,28.9,29.645,29.01,29.26,3.7594703333333337
2018-03-29,29.49,5929981,29.22,29.68,29.125,29.68,29.125,29.26,4.302098
2018-04-02,28.57,5364320,29.41,29.435,27.95,29.68,29.125,29.41,5.6471505
2018-04-03,28.68,3574718,28.71,28.79,28.025,29.435,28.025,29.41,4.469519
2018-04-04,30.5,7682166,28.57,30.655,28.36,30.655,28.36,29.41,5.540401333333333
2018-04-05,30.81,6220624,30.75,31.17,30.495,31.17,30.495,30.75,5.710457
2018-04-06,30.03,4959873,30.52,30.91,29.58,31.17,30.495,30.75,5.560340200000001
2018-04-09,29.86,3067937,30.2,30.5,29.82,31.17,30.495,30.75,4.749478
2018-04-10,29.83,3635567,30.14,30.44,29.73,30.91,29.82,30.52,3.8877923333333335
2018-04-11,29.55,2901112,29.65,30.01,29.475,30.5,29.82,30.2,3.2015386666666665
2018-04-12,29.11,5056904,29.69,29.73,28.91,30.5,29.82,30.2,3.66538
2018-04-13,29.29,2863572,29.31,29.625,28.96,30.5,29.82,30.2,3.5050184
2018-04-16,29.57,3331679,29.44,29.86,29.17,29.86,29.17,29.69,3.7507183333333334
2018-04-17,29.87,1890536,29.79,29.99,29.61,29.99,29.61,29.79,2.6952623333333334
2018-04-18,29.95,2513928,30.05,30.26,29.94,30.26,29.94,30.05,2.5787143333333336
2018-04-19,28.76,5059359,29.88,29.92,28.3601,30.26,29.94,30.05,3.1988755
2018-04-20,28.54,4769305,28.8,29.07,28.46,30.26,29.94,30.05,3.5129614
2018-04-23,28.82,4196023,28.64,29.01,28.265,29.92,28.46,29.88,4.674895666666667
2018-04-24,29.65,9616352,30.19,30.67,29.17,30.67,29.17,30.19,6.193893333333333
2018-04-25,30.53,7539230,30.4,30.58,29.82,30.67,29.82,30.4,7.117201666666667
2018-04-26,31.07,6623273,31.08,31.23,30.31,31.23,30.31,31.08,6.9937195
2018-04-27,31.06,5070977,31.07,31.57,31.02,31.57,31.02,31.08,6.609171
2018-04-30,30.36,6476789,31.08,31.38,30.24,31.57,31.02,31.08,6.057013
2018-05-01,30.88,4096308,30.32,31.03,30.23,31.57,31.02,31.08,5.214691333333333
2018-05-02,30.56,5114819,30.83,31.1,30.39,31.38,30.39,31.08,5.229305333333333
2018-05-03,30.89,4446875,30.43,30.915,30.171,31.38,30.39,31.08,5.03369775
2018-05-04,30.98,2775551,30.83,31.175,30.61,31.38,30.61,31.08,4.582068400000001
2018-05-07,31.01,3912499,31.06,31.2399,30.805,31.2399,30.805,31.06,3.7116416666666665
2018-05-08,31.17,5534979,31.0,31.6,30.92,31.6,30.92,31.06,4.074343
2018-05-09,30.76,5548730,31.24,31.29,30.08,31.6,30.92,31.24,4.998736
2018-05-10,31.05,4188666,31.04,31.38,30.97,31.6,30.97,31.24,4.7962185
2018-05-11,31.32,2813358,31.0,31.57,31.0,31.6,31.0,31.24,4.3996464
2018-05-14,30.96,2776960,31.44,31.57,30.85,31.57,31.0,31.44,3.2596613333333333
2018-05-15,29.3,7043804,30.65,30.68,29.2,31.57,31.0,31.44,4.211374
2018-05-16,29.41,7060267,29.1,29.46,28.66,31.57,30.85,31.44,5.627010333333333
2018-05-17,29.58,4360876,29.39,29.81,29.26,31.57,30.85,31.44,5.31047675
2018-05-18,29.91,3360546,29.54,30.06,29.4,31.57,30.85,31.44,4.9204906
2018-05-21,29.9,3360406,30.08,30.27,29.7042,30.27,29.7042,30.08,3.6939426666666666
2018-05-22,29.48,5195552,29.64,29.76,28.915,30.27,29.7042,30.08,3.972168
2018-05-23,30.01,3656842,29.31,30.23,29.3,30.27,29.7042,30.08,4.0709333333333335
2018-05-24,30.12,2923582,30.01,30.37,29.725,30.37,29.725,30.08,3.7840955
2018-05-25,30.47,2929339,30.12,30.91,30.12,30.91,30.12,30.12,3.6131442000000003
2018-05-29,30.68,3016551,30.16,31.02,30.16,31.02,30.16,30.16,2.972945
2018-05-30,30.25,3113766,30.91,31.005,30.21,31.02,30.21,30.91,3.0651585
2018-05-31,30.25,3563359,30.36,30.47,30.07,31.02,30.21,30.91,3.2312253333333336
2018-06-01,30.36,2452754,30.43,30.54,30.095,31.02,30.21,30.91,3.0366075
2018-06-04,30.37,1984378,30.48,30.59,30.305,30.59,30.305,30.48,2.6668303333333334
2018-06-05,30.72,3167428,30.31,30.76,30.29,30.76,30.305,30.48,2.5348533333333334
2018-06-06,31.15,4348964,30.61,31.15,30.07,31.15,30.305,30.61,3.1669233333333335
2018-06-07,31.35,3671020,31.18,31.55,31.1,31.55,31.1,31.18,3.2929475
2018-06-08,32.56,7211027,31.33,32.64,31.24,32.64,31.24,31.33,4.0765633999999995
2018-06-11,32.26,3281305,32.56,32.67,32.09,32.67,32.09,32.56,4.721117333333333
2018-06-12,32.98,3677047,32.52,33.04,32.4,33.04,32.4,32.56,4.723126333333333
2018-06-13,30.78,9920216,32.75,32.78,30.575,33.04,32.4,32.75,5.626189333333333
2018-06-14,30.8,5140771,30.82,30.98,30.37,33.04,32.4,32.75,5.50483475
2018-06-15,30.37,7603548,30.78,30.94,29.67,33.04,32.4,32.75,5.9245774
2018-06-18,29.62,6173596,30.13,30.6852,29.41,30.98,30.37,30.82,6.305971666666667
2018-06-19,29.43,5945614,29.58,29.86,29.125,30.94,29.67,30.78,6.574252666666667
2018-06-20,29.38,4517790,29.36,29.53,28.76,30.6852,29.41,30.13,5.545666666666667
2018-06-21,29.17,2976945,29.4,29.59,29.095,30.6852,29.41,30.13,4.90348625
2018-06-22,28.78,5359709,29.2,29.25,28.555,30.6852,29.41,30.13,4.9947308
2018-06-25,28.24,4426154,28.67,28.82,28.02,29.59,29.095,29.4,4.254269333333333
2018-06-26,28.61,6301741,28.75,29.1798,28.36,29.25,28.555,29.2,5.362534666666667
2018-06-27,28.17,4633184,28.72,28.72,28.09,29.1798,28.36,28.75,5.120359666666667
2018-06-28,28.35,4292653,28.11,28.39,27.77,29.1798,28.36,28.75,4.913433
2018-06-29,28.75,4034739,28.79,29.14,28.61,29.1798,28.61,28.79,4.7376942
2018-07-02,28.87,2967532,28.55,28.88,28.455,29.14,28.61,28.79,3.7649746666666664
2018-07-03,28.85,1864743,29.0,29.18,28.78,29.18,28.78,29.0,2.9556713333333335
2018-07-05,29.17,2680845,29.04,29.21,28.71,29.21,28.78,29.04,2.5043733333333336
2018-07-06,29.31,2199219,29.21,29.5361,28.975,29.5361,28.975,29.21,2.42808475
2018-07-09,29.64,4988784,29.52,29.79,29.29,29.79,29.29,29.52,3.289616
2018-07-10,29.5,4011544,29.76,29.81,29.37,29.81,29.37,29.76,3.7331823333333336
2018-07-11,29.39,3692975,29.3,29.625,29.1999,29.81,29.37,29.76,4.231101
2018-07-12,29.63,2405464,29.55,29.75,29.06,29.81,29.37,29.76,3.77469175
2018-07-13,29.65,2332537,29.62,29.85,29.37,29.85,29.37,29.76,3.4862607999999997
2018-07-16,30.13,5129026,29.61,30.17,29.37,30.17,29.37,29.62,3.289009
2018-07-17,30.92,4862085,30.13,30.97,30.12,30.97,30.12,30.13,4.107882666666667
2018-07-18,30.97,4558082,30.54,31.0,30.28,31.0,30.28,30.54,4.849731
2018-07-19,31.29,4576310,30.96,31.56,30.79,31.56,30.79,30.96,4.78137575
2018-07-20,31.11,5021594,31.29,31.31,30.845,31.56,30.845,31.29,4.829419400000001
2018-07-23,30.82,6022554,31.11,31.35,30.6,31.56,30.845,31.29,5.206819333333333
2018-07-24,30.14,5706941,30.45,30.94,29.965,31.35,30.845,31.29,5.583696333333333
2018-07-25,28.98,9804911,30.09,30.09,28.48,31.35,30.6,31.11,7.178135333333333
2018-07-26,28.98,10558580,28.48,29.12,27.55,31.35,30.6,31.11,8.0232465
2018-07-27,28.13,8101362,28.82,29.335,27.705,31.35,30.6,31.11,8.0388696
2018-07-30,28.14,4434326,28.14,28.51,27.99,29.335,27.99,28.82,7.698089333333333
2018-07-31,28.49,4984154,28.28,28.8,28.06,29.335,28.06,28.82,5.839947333333333
2018-08-01,28.77,8073938,28.52,28.81,28.26,28.81,28.26,28.52,5.830806
2018-08-02,28.56,4896553,28.47,28.77,28.3,28.81,28.3,28.52,5.59724275
2018-08-03,28.64,3698102,28.56,28.83,28.43,28.83,28.43,28.56,5.2174146
2018-08-06,28.72,3966762,28.5,28.73,28.11,28.83,28.43,28.56,4.187139
2018-08-07,29.36,4598533,28.69,29.46,28.65,29.46,28.65,28.69,4.087799
2018-08-08,29.42,2949629,29.38,29.5,29.1401,29.5,29.1401,29.38,3.838308
2018-08-09,29.33,3019933,29.5,29.7,29.25,29.7,29.25,29.5,3.63371425
2018-08-10,28.74,4916528,29.12,29.12,28.49,29.7,29.25,29.5,3.890277
2018-08-13,27.65,6416709,28.69,28.74,27.395,29.7,29.25,29.5,4.78439
2018-08-14,27.85,3048922,27.7,27.98,27.61,29.12,28.49,29.12,4.794053
2018-08-15,27.74,2475498,27.7,27.77,27.37,28.74,27.61,28.69,3.9803763333333335
2018-08-16,28.05,2578597,27.9,28.35,27.81,28.74,27.81,28.69,3.6299315
2018-08-17,28.09,2043439,28.0,28.28,27.89,28.74,27.89,28.69,3.312633
2018-08-20,28.13,3450591,28.22,28.39,28.12,28.39,28.12,28.22,2.6908756666666664
2018-08-21,29.67,5177231,28.72,29.705,28.72,29.705,28.72,28.72,3.557087
2018-08-22,29.38,4037291,29.56,29.65,29.17,29.705,29.17,29.56,4.221704333333333
2018-08-23,28.75,3252254,29.33,29.34,28.595,29.705,29.17,29.56,3.97934175
2018-08-24,28.55,2102809,28.68,28.89,28.5,29.705,29.17,29.56,3.6040352
2018-08-27,28.97,3186553,28.57,29.08,28.44,29.34,28.595,29.33,2.8472053333333336
2018-08-28,28.44,3889725,28.92,28.95,28.28,29.08,28.5,28.92,3.0596956666666664
2018-08-29,28.33,2728827,28.31,28.55,27.92,29.08,28.44,28.92,3.2683683333333335
2018-08-30,27.91,2911324,28.32,28.53,27.82,29.08,28.44,28.92,3.17910725
2018-08-31,27.95,2516670,27.8,28.06,27.72,29.08,28.44,28.92,3.0466197999999998
2018-09-04,28.0,3182100,27.92,28.19,27.77,28.19,27.77,27.92,2.849385
2018-09-05,28.52,5647007,28.0,28.74,27.9,28.74,27.9,28.0,4.4145535
2018-09-06,28.07,5091823,28.18,28.76,27.91,28.76,27.91,28.18,4.64031
2018-09-07,26.9,6220006,27.81,27.85,26.89,28.76,27.91,28.18,5.035234
2018-09-10,26.89,4039007,26.98,27.18,26.66,28.76,27.91,28.18,5.116945333333333
2018-09-11,27.11,3443833,26.82,27.58,26.7101,27.85,26.89,27.81,4.567615333333333
2018-09-12,27.47,2826680,27.13,27.56,26.96,27.58,26.96,27.13,3.4365066666666664
2018-09-13,26.84,4530700,27.33,27.67,26.2199,27.67,26.96,27.33,3.710055
2018-09-14,27.02,3869769,26.6,27.23,26.32,27.67,26.96,27.33,3.7419977999999996
2018-09-17,26.65,3431519,26.99,27.31,26.6,27.67,26.6,27.33,3.943996
2018-09-18,26.94,3176699,26.7,27.18,26.65,27.31,26.65,26.99,3.4926623333333335
2018-09-19,26.69,2427426,26.84,27.17,26.67,27.31,26.67,26.99,3.0118813333333336
2018-09-20,26.39,7857472,26.71,26.811999999999998,25.97,27.31,26.67,26.99,4.223279
2018-09-21,26.26,8019779,26.04,26.29,25.56,27.31,26.67,26.99,4.982579
2018-09-24,25.69,6649053,26.06,26.11,25.67,26.811999999999998,25.97,26.71,7.508768
2018-09-25,25.9,4244457,25.8,26.15,25.74,26.29,25.74,26.06,6.304429666666667
2018-09-26,25.53,4834859,26.07,26.3,25.17,26.3,25.74,26.07,5.242789666666667
2018-09-27,24.98,5269557,25.31,25.33,24.77,26.3,25.74,26.07,5.2494815
2018-09-28,24.77,5930100,24.99,25.25,24.67,26.3,25.74,26.07,5.3856052000000005
2018-10-01,24.51,5596369,24.86,25.025,24.49,25.33,24.77,25.31,5.5986753333333334
2018-10-02,24.64,5480207,24.42,24.98,24.41,25.25,24.67,24.99,5.668892
2018-10-03,24.09,7781049,24.72,24.835,23.92,25.025,24.49,24.86,6.285875
2018-10-04,23.79,6906462,23.93,23.94,23.46,25.025,24.49,24.86,6.44102175
2018-10-05,23.86,7178247,23.83,24.07,23.18,25.025,24.49,24.86,6.5884668
2018-10-08,24.2,4232031,23.76,24.29,23.75,24.29,23.75,23.93,6.10558
2018-10-09,23.86,4930009,24.13,24.24,23.605,24.29,23.75,24.13,5.446762333333333
2018-10-10,23.57,4477850,23.77,24.27,23.54,24.29,23.75,24.13,4.54663
2018-10-11,23.31,5346104,23.51,23.94,23.25,24.29,23.75,24.13,4.7464985
2018-10-12,22.89,5917781,23.67,23.67,22.67,24.29,23.75,24.13,4.980755
2018-10-15,22.94,3151514,22.8,23.14,22.7457,23.94,23.25,23.67,4.805133
2018-10-16,23.62,3789872,23.16,23.65,22.89,23.67,22.89,23.67,4.286389
2018-10-17,22.82,6024556,23.16,23.39,22.53,23.65,22.89,23.16,4.321980666666667
2018-10-18,22.44,6970885,22.3,22.78,22.22,23.65,22.89,23.16,4.98420675
2018-10-19,21.58,5636873,22.45,22.57,21.435,23.65,22.89,23.16,5.11474
2018-10-22,20.88,9002344,21.42,21.64,20.88,22.78,22.22,22.45,7.2033673333333335
2018-10-23,22.4,16956490,20.7,22.835,20.64,22.835,21.435,22.45,10.531902333333335
2018-10-24,22.14,13601940,22.52,23.345,22.1,23.345,22.1,22.52,13.186924666666666
2018-10-25,23.16,12773840,22.71,23.4772,22.61,23.4772,22.61,22.71,13.0836535
2018-10-26,23.93,13910860,22.72,24.485,22.4425,24.485,22.61,22.72,13.2490948
2018-10-29,23.42,9023641,24.36,24.47,23.15,24.485,23.15,24.36,11.902780333333334
2018-10-30,24.9,13468660,23.29,25.06,23.07,25.06,23.15,24.36,12.134387
2018-10-31,24.57,14967570,25.16,25.395,24.375,25.395,24.375,25.16,12.486623666666667
2018-11-01,24.66,9713474,24.58,25.075,24.23,25.395,24.375,25.16,11.79333625
2018-11-02,24.27,7085101,24.87,24.88,23.88,25.395,24.375,25.16,10.8516892
2018-11-05,24.74,4701368,24.26,24.92,24.175,25.075,24.23,24.87,7.166647666666667
2018-11-06,24.89,3713482,24.65,25.0,24.41,25.0,24.41,24.87,5.166650333333333
2018-11-07,25.1,5436068,25.05,25.13,24.51,25.13,24.51,25.05,4.616972666666667
2018-11-08,24.23,9197425,24.47,24.79,23.495,25.13,24.51,25.05,5.76208575
2018-11-09,24.44,5814730,24.22,24.81,24.18,25.13,24.51,25.05,5.7726146
2018-11-12,24.01,5891225,23.63,24.32,23.59,24.81,24.18,24.47,6.967793333333333
2018-11-13,24.39,6910941,24.18,24.595,23.91,24.81,24.18,24.22,6.205632
2018-11-14,24.54,4531773,24.62,24.9137,24.225,24.9137,24.225,24.62,5.777979666666667
2018-11-15,24.11,8284517,23.85,24.14,23.21,24.9137,24.225,24.62,6.404614
2018-11-16,24.97,7486260,23.85,25.125,23.75,25.125,24.225,24.62,6.6209432
2018-11-19,25.22,8316373,24.95,25.42,24.61,25.42,24.61,24.95,8.02905
2018-11-20,25.33,7651549,24.93,25.86,24.93,25.86,24.93,24.95,7.818060666666667
2018-11-21,25.66,5473646,25.54,25.88,25.17,25.88,25.17,25.54,7.147189333333333
2018-11-23,25.92,2137842,25.57,26.13,25.57,26.13,25.57,25.57,5.8948525
2018-11-26,26.19,6319838,26.21,26.35,25.82,26.35,25.82,26.21,4.22884
2018-11-27,26.4,6251728,25.94,26.605,25.91,26.605,25.91,26.21,4.903136
2018-11-28,26.74,6736830,26.53,26.78,25.44,26.78,25.91,26.53,6.436132
2018-11-29,26.73,8756345,26.64,27.14,26.58,27.14,26.58,26.64,7.01618525
2018-11-30,26.52,6246329,26.7,26.92,26.38,27.14,26.58,26.7,6.862214
2018-12-03,26.82,6189176,26.72,26.9,25.75,27.14,26.58,26.72,7.06395
2018-12-04,25.63,10224920,26.36,26.65,25.46,26.92,26.38,26.72,7.553475
2018-12-06,26.65,7488360,25.31,26.71,25.1201,26.9,25.75,26.72,7.967485333333333
2018-12-07,26.23,4830542,26.64,27.09,26.23,27.09,26.23,26.72,7.1832495
2018-12-10,25.56,6640328,26.23,26.545,25.42,27.09,26.23,26.64,6.319743333333333
2018-12-11,25.75,5345542,25.91,26.2827,25.605,27.09,26.23,26.64,5.605470666666667
2018-12-12,26.15,3959456,26.03,26.47,25.63,26.545,25.63,26.23,5.315108666666667
2018-12-13,25.81,3121459,26.24,26.42,25.74,26.545,25.74,26.24,4.76669625
2018-12-14,25.61,4199529,25.52,26.3,25.52,26.545,25.74,26.24,4.6532628
2018-12-17,25.64,6759717,25.43,26.08,25.14,26.42,25.74,26.24,4.693568333333333
2018-12-18,26.47,7739325,25.91,26.745,25.75,26.745,25.75,25.91,6.232857
2018-12-19,25.8,7250225,26.53,26.96,25.75,26.96,25.75,26.53,7.249755666666667
2018-12-20,25.8,6261372,25.68,26.47,25.59,26.96,25.75,26.53,7.00265975
2018-12-21,25.13,10062120,25.8,26.25,25.07,26.96,25.75,26.53,7.6145518
2018-12-24,24.68,2406463,25.0,25.24,24.45,26.47,25.59,25.8,6.243318333333333
2018-12-26,25.85,3506432,24.84,25.88,24.545,25.88,24.545,25.0,2.9564475
2018-12-27,26.0,3209089,25.35,26.01,25.13,26.01,25.13,25.35,3.0406613333333334
2018-12-28,26.04,2913825,26.09,26.46,25.64,26.46,25.64,26.09,3.00895225
2018-12-31,25.99,2945454,26.14,26.3,25.2,26.46,25.64,26.14,3.0227893333333333
2019-01-02,26.24,6858218,25.6,26.495,25.44,26.495,25.44,26.14,4.901836
2019-01-03,25.94,5812442,26.07,26.48,25.64,26.495,25.64,26.14,5.205371333333333
2019-01-04,27.2,6277091,26.23,27.21,26.13,27.21,26.13,26.23,5.47330125
2019-01-07,28.21,9627609,27.78,28.6,27.52,28.6,27.52,27.78,7.239047333333333
2019-01-08,28.34,6956955,28.5,28.53,27.79,28.6,27.79,28.5,7.620551666666667
2019-01-09,28.95,9500503,28.48,29.19,28.01,29.19,28.01,28.5,8.695022333333334
2019-01-10,28.61,5546059,28.83,28.97,28.305,29.19,28.305,28.83,7.9077815
2019-01-11,28.58,4890093,28.07,28.92,28.03,29.19,28.305,28.83,7.3042438
2019-01-14,27.86,5446864,28.44,28.64,27.79,28.97,28.305,28.83,5.294338666666667
2019-01-15,28.07,3303177,27.84,28.35,27.7,28.92,28.03,28.44,4.546711333333333
2019-01-16,27.37,4934152,28.03,28.07,27.34,28.64,27.79,28.44,4.561397666666667
2019-01-17,26.85,6129376,26.71,27.35,26.59,28.64,27.79,28.44,4.95339225
2019-01-18,26.59,8537461,26.96,26.97,26.34,28.64,27.79,28.44,5.670206
2019-01-22,26.33,5688211,26.53,26.705,26.13,26.97,26.34,26.96,7.112836
2019-01-23,26.71,3782637,26.29,26.735,26.16,26.735,26.16,26.53,4.735424
2019-01-24,26.7,7951415,26.74,27.1,26.57,27.1,26.57,26.74,5.807421
2019-01-25,26.96,7315182,26.92,27.385,26.69,27.385,26.69,26.92,6.18436125
2019-01-28,27.03,5404751,26.74,27.415,26.66,27.415,26.69,26.92,6.890449333333333
2019-01-29,27.25,9250415,25.65,27.48,25.1,27.48,26.69,26.92,7.323449333333333
2019-01-30,27.24,8189833,27.22,27.35,26.19,27.48,26.66,27.22,7.614999666666667
2019-01-31,27.81,8829119,27.33,28.19,27.0,28.19,27.0,27.33,7.9185295
2019-02-01,27.35,5102614,27.84,28.265,27.325,28.265,27.325,27.84,7.3553464
2019-02-04,26.79,5079627,27.32,27.43,26.58,28.265,27.325,27.84,6.33712
2019-02-05,27.35,4168120,26.78,27.37,26.74,28.265,27.325,27.84,4.783453666666667
2019-02-06,26.47,5379204,27.17,27.29,26.415,27.43,26.74,27.32,4.875650333333333
2019-02-07,26.89,3737234,26.29,26.95,26.28,27.43,26.74,27.32,4.59104625
2019-02-08,26.61,3343452,26.38,26.83,26.29,27.43,26.74,27.32,4.3415274
2019-02-11,26.5,3763630,26.7,26.8,26.42,26.95,26.42,26.7,3.614772
2019-02-12,27.31,7945896,26.66,27.54,26.585,27.54,26.585,26.7,5.017659333333333
2019-02-13,27.19,4073942,27.31,27.41,26.72,27.54,26.72,27.31,5.261156
2019-02-14,26.91,3398107,26.68,27.12,26.56,27.54,26.72,27.31,4.79539375
2019-02-15,27.12,3420137,27.01,27.34,26.855,27.54,26.855,27.31,4.5203424000000005
2019-02-19,27.04,4173028,27.11,27.45,26.9,27.45,26.9,27.11,3.7965825
2019-02-20,27.14,4979762,27.03,27.26,26.865,27.45,26.9,27.11,4.576395
2019-02-21,27.6,5776914,26.99,27.66,26.935,27.66,26.935,27.11,4.976568
2019-02-22,27.98,4194937,27.76,28.2,27.49,28.2,27.49,27.76,4.78116025
2019-02-25,27.56,5287504,28.09,28.11,27.54,28.2,27.54,28.09,5.086451666666667
2019-02-26,27.44,4050661,27.4,27.7,27.06,28.2,27.54,28.09,4.511034
2019-02-27,27.09,4652827,27.47,27.73,26.84,28.11,27.54,28.09,4.663664
2019-02-28,27.0,4941782,26.8,27.28,26.57,28.11,27.54,28.09,4.7331935
2019-03-01,26.74,5744565,27.22,27.29,26.34,28.11,27.54,28.09,4.9354678
2019-03-04,27.68,5206721,26.85,27.8,26.85,27.8,26.85,27.22,5.297689333333333
2019-03-05,26.88,5660396,27.67,27.72,26.86,27.8,26.86,27.67,5.537227333333333
2019-03-06,26.77,4194133,26.94,27.35,26.76,27.8,26.86,27.67,5.020416666666667
2019-03-07,27.53,4886775,26.87,27.83,26.7,27.83,26.86,27.67,4.98700625
2019-03-08,27.58,3836263,27.51,27.8699,27.4,27.8699,27.4,27.67,4.7568576
2019-03-11,28.2,2594593,27.59,28.24,27.59,28.24,27.59,27.59,3.7725436666666665
2019-03-12,28.01,2665304,28.27,28.34,27.68,28.34,27.68,28.27,3.0320533333333333
2019-03-13,27.52,3401793,28.05,28.16,27.385,28.34,27.68,28.27,2.88723
2019-03-14,27.09,3492385,27.39,27.43,26.93,28.34,27.68,28.27,3.03851875
2019-03-15,26.87,4400784,27.13,27.41,26.81,28.34,27.68,28.27,3.3109718
2019-03-18,26.67,4769869,26.87,27.03,26.59,27.43,26.93,27.39,4.221012666666667
2019-03-19,26.24,4666533,26.68,26.935,26.18,27.41,26.81,27.13,4.612395333333333
2019-03-20,25.8,6887947,26.1,26.39,25.24,27.03,26.59,26.87,5.441449666666667
2019-03-21,26.3,4853492,25.87,26.58,25.7,27.03,26.59,26.87,5.29446025
2019-03-22,26.58,4650452,26.26,26.96,26.15,27.03,26.59,26.87,5.1656585999999995
2019-03-25,27.21,3196109,26.46,27.27,26.35,27.27,26.35,26.46,4.233351
2019-03-26,27.38,2859959,27.25,27.43,27.01,27.43,27.01,27.25,3.56884
2019-03-27,28.78,8082614,27.89,28.885,27.81,28.885,27.81,27.89,4.712894
2019-03-28,28.3,6140727,28.84,28.9,28.3,28.9,28.3,28.84,5.06985225
2019-03-29,27.96,3314011,28.49,28.75,27.92,28.9,28.3,28.84,4.718684
2019-04-01,27.89,3197899,28.05,28.05,27.36,28.9,28.3,28.84,4.217545666666667
2019-04-02,27.77,2555646,27.93,27.93,27.44,28.75,27.92,28.49,3.0225186666666666
2019-04-03,27.77,3044684,27.9,28.14,27.55,28.14,27.55,28.05,2.932743
2019-04-04,28.59,3410808,27.71,28.61,27.71,28.61,27.71,28.05,3.05225925
2019-04-05,28.94,2662937,28.59,29.03,28.51,29.03,28.51,28.59,2.9743948
2019-04-08,28.83,2771394,28.86,29.02,28.615,29.03,28.615,28.86,2.9483796666666664
2019-04-09,28.57,2948900,28.79,29.03,28.48,29.03,28.615,28.86,2.7944103333333334
2019-04-10,28.92,2134618,28.83,29.1,28.56,29.1,28.615,28.86,2.618304
2019-04-11,29.41,3336390,29.0,29.5,28.97,29.5,28.97,29.0,2.7978255
2019-04-12,29.39,1857291,29.45,29.54,29.22,29.54,29.22,29.45,2.6097186
2019-04-15,29.5,1841208,29.46,29.58,29.19,29.58,29.22,29.46,2.344963
2019-04-16,29.76,2830449,29.67,29.82,29.445,29.82,29.445,29.67,2.176316
2019-04-17,30.04,2724403,29.87,30.165,29.8,30.165,29.8,29.87,2.4653533333333333
2019-04-18,30.39,3246558,29.99,30.59,29.99,30.59,29.99,29.99,2.6606545
2019-04-22,30.22,4570152,30.36,30.69,30.15,30.69,30.15,30.36,3.908355
2019-04-23,31.35,7072470,30.75,31.71,30.52,31.71,30.52,30.75,5.821311
2019-04-24,31.86,3501400,31.75,31.95,31.155,31.95,31.155,31.75,5.048007333333333
2019-04-25,31.67,4186039,31.24,31.895,30.87,31.95,31.155,31.75,4.83251525
2019-04-26,31.46,3221004,31.81,31.84,31.43,31.95,31.43,31.81,4.510213
2019-04-29,31.33,3420339,31.43,31.5,31.17,31.895,31.43,31.81,3.6091273333333334
2019-04-30,31.46,2942295,31.29,31.54,31.165,31.84,31.43,31.81,3.194546
2019-05-01,31.29,3340375,31.52,32.01,31.27,32.01,31.27,31.52,3.2343363333333337
2019-05-02,31.7,2906917,31.52,32.02,31.22,32.02,31.27,31.52,3.1524815
2019-05-03,31.78,2803394,31.77,31.88,31.26,32.02,31.27,31.77,3.082664
2019-05-06,31.74,3047064,31.46,31.805,31.31,32.02,31.31,31.77,2.919125
2019-05-07,31.47,2697745,31.53,31.74,31.2015,31.88,31.31,31.77,2.849401
2019-05-08,31.08,2032223,31.38,31.6,31.07,31.805,31.31,31.53,2.592344
2019-05-09,31.53,3083268,30.99,31.59,30.91,31.805,31.31,31.53,2.715075
2019-05-10,31.54,2701880,31.44,31.635,31.09,31.805,31.31,31.53,2.712436
2019-05-13,31.26,4108329,30.99,31.45,30.84,31.635,31.09,31.44,3.2978256666666663
2019-05-14,32.07,4715988,31.28,32.235,31.25,32.235,31.25,31.44,3.8420656666666666
2019-05-15,31.93,3075111,32.07,32.25,31.83,32.25,31.83,32.07,3.966476
2019-05-16,32.33,3389125,32.03,32.615,32.03,32.615,32.03,32.07,3.82213825
2019-05-17,32.48,3858107,32.21,32.8,32.04,32.8,32.04,32.21,3.829332
2019-05-20,31.86,2415154,32.37,32.53,31.76,32.8,32.04,32.37,3.2207953333333337
2019-05-21,32.27,2619602,31.95,32.5,31.87,32.8,32.04,32.37,2.9642876666666664
2019-05-22,32.12,3233435,31.58,32.275,31.54,32.53,31.87,32.37,2.7560636666666665
2019-05-23,31.59,3236686,31.95,32.18,31.56,32.53,31.87,32.37,2.87621925
2019-05-24,32.12,1966709,31.69,32.13,31.69,32.53,31.87,32.37,2.6943172
2019-05-28,31.68,3160223,32.13,32.275,31.67,32.275,31.69,32.13,2.563466
2019-05-29,31.26,3108702,31.71,31.71,31.045,32.275,31.67,32.13,3.1344625
2019-05-30,31.53,2404685,31.32,31.675,31.23,32.275,31.67,32.13,2.8912033333333333
2019-05-31,31.0,2732121,31.2,31.35,30.675,32.275,31.67,32.13,2.85143275
2019-06-03,31.69,3672528,30.99,31.94,30.84,31.94,31.23,31.32,2.9364446666666666
2019-06-04,31.94,4119566,31.99,32.0,31.39,32.0,31.39,31.99,3.5080716666666665
2019-06-05,32.06,2954049,32.13,32.13,31.491,32.13,31.491,32.13,3.5820476666666665
2019-06-06,31.81,3056768,32.13,32.4,31.72,32.4,31.72,32.13,3.45072775
2019-06-07,32.75,4199694,31.97,32.83,31.97,32.83,31.97,32.13,3.600521
2019-06-10,32.73,2555071,32.73,33.09,32.48,33.09,32.48,32.73,3.270511
2019-06-11,32.5,2039334,32.87,33.0,32.225,33.09,32.48,32.87,2.9313663333333335
2019-06-12,32.16,4300427,32.53,32.92,32.055,33.09,32.48,32.87,2.964944
2019-06-13,32.5,2303680,32.2,32.6456,32.2,33.09,32.48,32.87,2.799628
2019-06-14,32.85,3029163,32.43,32.95,32.35,33.09,32.48,32.87,2.845535
2019-06-17,32.66,2379357,32.85,32.98,32.18,32.98,32.35,32.85,2.5707333333333335
2019-06-18,32.9,4555572,32.75,33.15,32.5,33.15,32.5,32.85,3.321364
2019-06-19,32.21,3944768,32.85,32.89,31.615,33.15,32.5,32.85,3.6265656666666666
2019-06-20,32.73,3580252,32.48,32.77,32.23,33.15,32.5,32.85,3.61498725
2019-06-21,31.9,3739570,32.61,32.67,31.86,33.15,32.5,32.85,3.6399038
2019-06-24,32.15,2395475,31.97,32.49,31.77,32.77,32.23,32.61,3.2384323333333334
2019-06-25,31.38,7000805,32.62,32.72,30.82,32.72,31.86,32.62,4.378616666666667
2019-06-26,31.16,4108646,31.49,31.7,30.84,32.72,31.77,32.62,4.501642
2019-06-27,31.55,2730246,31.6,31.69,31.17,32.72,31.77,32.62,4.058793
2019-06-28,31.62,4976138,31.46,31.965,31.46,32.72,31.77,32.62,4.242262
2019-07-01,32.12,4124017,31.97,32.21,31.54,32.21,31.54,31.97,3.943467
2019-07-02,32.46,3074963,32.15,32.48,32.04,32.48,32.04,32.15,4.058372666666666
2019-07-03,32.68,1653862,32.4,32.87,32.34,32.87,32.34,32.4,2.9509473333333336
2019-07-05,31.94,3248470,32.44,32.56,31.72,32.87,32.34,32.44,3.025328
2019-07-08,32.32,3472351,31.95,32.52,31.8,32.56,31.8,32.44,3.3604105
2019-07-09,31.99,5037974,32.26,32.385,31.92,32.56,31.92,32.44,3.9195983333333335
2019-07-10,32.65,3112166,32.38,32.72,32.37,32.72,32.37,32.38,3.8741636666666666
2019-07-11,32.69,2904929,32.72,32.74,32.12,32.74,32.37,32.72,3.631855
2019-07-12,33.57,3516742,32.86,33.61,32.85,33.61,32.85,32.86,3.6088324
2019-07-15,33.14,4040067,33.6,33.75,33.0,33.75,33.0,33.6,3.487246
2019-07-16,33.58,3093068,33.03,33.775,33.03,33.775,33.03,33.6,3.549959
2019-07-17,33.48,2573583,33.63,33.79,33.415,33.79,33.415,33.63,3.2355726666666667
2019-07-18,33.44,4913139,33.58,33.9,33.1,33.9,33.415,33.63,3.65496425
2019-07-19,33.23,2959032,33.58,33.72,33.19,33.9,33.415,33.63,3.5157778
2019-07-22,33.48,7360481,33.4,34.03,33.365,34.03,33.365,33.58,5.077550666666667
2019-07-23,30.69,11401110,32.1,33.14,30.57,34.03,33.365,33.58,7.240207666666667
2019-07-24,30.9,6912121,31.0,31.05,30.26,34.03,33.365,33.4,8.557904
2019-07-25,31.86,5569767,30.99,31.915,30.99,34.03,33.365,33.4,7.81086975
2019-07-26,31.86,2634660,31.74,31.98,31.585,34.03,33.365,33.4,6.7756278
2019-07-29,31.47,4630813,31.81,31.945,31.29,31.98,31.585,31.81,4.278413333333333
2019-07-30,32.1,3340315,31.63,32.38,31.56,32.38,31.585,31.81,3.5352626666666667
2019-07-31,31.51,4270586,32.22,32.32,31.05,32.38,31.56,32.22,4.080571333333333
2019-08-01,31.85,4082210,31.47,32.295,31.14,32.38,31.56,32.22,4.080981
2019-08-02,31.34,3011792,31.78,31.915,31.295,32.38,31.56,32.22,3.8671432
2019-08-05,31.11,3327400,31.21,31.51,30.77,32.295,31.295,31.78,3.4738006666666665
2019-08-06,30.93,3735634,31.0,31.395,30.7616,31.915,31.295,31.78,3.3582753333333333
2019-08-07,31.84,4376295,30.81,31.925,30.65,31.925,30.77,31.21,3.8131096666666666
2019-08-08,32.51,3229419,31.95,32.575,31.93,32.575,31.93,31.95,3.667187
2019-08-09,32.07,2177557,32.31,32.39,31.96,32.575,31.96,32.31,3.369261
2019-08-12,31.48,1523128,31.85,31.96,31.35,32.575,31.96,32.31,2.3100346666666667
2019-08-13,32.25,2031099,32.12,32.43,31.7,32.43,31.96,32.31,1.9105946666666667
2019-08-14,31.66,2248353,31.9,32.11,31.33,32.43,31.7,32.12,1.9341933333333332
2019-08-15,31.4,2024683,31.76,31.8836,31.3,32.43,31.7,32.12,1.95681575
2019-08-16,32.07,2466566,31.55,32.23,31.43,32.43,31.7,32.12,2.0587658
2019-08-19,32.51,1925390,32.47,32.75,32.28,32.75,32.28,32.47,2.1388796666666665
2019-08-20,32.65,2115555,32.57,32.83,32.32,32.83,32.32,32.57,2.1691703333333336
2019-08-21,32.89,2532829,32.81,32.99,32.41,32.99,32.41,32.81,2.191258
2019-08-22,33.16,2848157,32.88,33.2,32.63,33.2,32.63,32.88,2.35548275
2019-08-23,32.7,3899357,33.25,33.73,32.63,33.73,32.63,33.25,2.6642576
2019-08-26,33.19,3255503,32.8,33.22,32.72,33.73,32.72,33.25,3.334339
2019-08-27,33.39,3605639,33.46,33.505,33.21,33.73,33.21,33.46,3.586833
2019-08-28,33.42,1933655,33.26,33.44,32.8135,33.505,33.21,33.46,2.931599
2019-08-29,33.68,3418543,33.45,33.745,33.35,33.745,33.35,33.46,3.053335
2019-08-30,33.8,2190840,33.77,33.93,33.48,33.93,33.48,33.77,2.880836
2019-09-03,33.99,3613092,33.55,34.08,33.49,34.08,33.49,33.77,2.901966
2019-09-04,34.46,2494416,34.16,34.58,33.97,34.58,33.97,34.16,3.053754
2019-09-05,34.25,2448436,34.56,34.65,33.93,34.65,33.97,34.56,2.8519813333333337
2019-09-06,34.57,2473869,34.4,34.795,34.4,34.795,34.4,34.56,2.75745325
2019-09-09,34.76,3323834,34.59,34.975,34.48,34.975,34.48,34.59,2.748713
2019-09-10,34.26,3768212,34.73,34.73,34.15,34.975,34.48,34.73,3.1886383333333335
2019-09-11,34.77,2898792,34.68,34.8,34.395,34.975,34.48,34.73,3.3302793333333334
2019-09-12,35.07,2820850,35.0,35.29,34.81,35.29,34.81,35.0,3.202922
2019-09-13,35.25,5271110,35.19,35.55,34.98,35.55,34.98,35.19,3.6165596
2019-09-16,35.2,3760543,35.21,35.45,34.91,35.55,34.98,35.21,3.9508343333333333
2019-09-17,35.41,3399249,35.1,35.62,35.1,35.62,35.1,35.21,4.143634
2019-09-18,34.91,5393463,35.31,35.47,34.5,35.62,35.1,35.31,4.184418333333333
2019-09-19,35.46,3756691,35.0,35.62,35.0,35.62,35.1,35.31,4.0774865
2019-09-20,35.68,3793281,35.67,35.75,35.3,35.75,35.3,35.67,4.0206454
2019-09-23,35.66,1832526,35.6,35.84,35.56,35.84,35.56,35.67,3.1274993333333336
2019-09-24,36.02,2702614,35.73,36.33,35.71,36.33,35.71,35.73,2.7761403333333337
2019-09-25,36.19,3160464,36.17,36.27,35.825,36.33,35.825,36.17,2.5652013333333334
2019-09-26,36.18,1612897,36.47,36.61,36.12,36.61,36.12,36.47,2.32712525
2019-09-27,35.92,2031188,36.31,36.31,35.76,36.61,36.12,36.47,2.2679378
2019-09-30,36.55,2718954,35.99,36.61,35.9556,36.61,36.12,36.47,2.121013
2019-10-01,36.43,2102034,36.56,36.7,36.205,36.7,36.205,36.56,2.2840586666666667
2019-10-02,36.22,4517446,36.51,36.72,35.87,36.72,36.205,36.56,3.1128113333333336
2019-10-03,36.17,2813388,36.22,36.42,35.88,36.72,36.205,36.56,3.0379555
2019-10-04,37.09,3536552,36.2,37.09,36.13,37.09,36.205,36.56,3.1376747999999997
2019-10-07,36.75,3561764,36.93,37.06,36.69,37.09,36.69,36.93,3.3039013333333336
2019-10-08,36.62,2139347,36.53,37.06,36.47,37.09,36.69,36.93,3.079221
2019-10-09,36.9,2743285,36.89,37.05,36.65,37.06,36.69,36.93,2.8147986666666664
2019-10-10,36.95,2200804,36.72,36.97,36.66,37.06,36.69,36.93,2.6613
2019-10-11,36.89,2006379,37.11,37.335,36.86,37.335,36.86,37.11,2.5303158
2019-10-14,37.06,1899343,36.87,37.155,36.76,37.335,36.86,37.11,2.035508666666667
2019-10-15,37.31,2771363,37.23,37.44,37.105,37.44,37.105,37.23,2.225695
2019-10-16,38.23,4248580,37.36,38.315,37.26,38.315,37.26,37.36,2.9730953333333336
2019-10-17,38.24,2904987,38.45,38.78,38.11,38.78,38.11,38.45,2.95606825
2019-10-18,38.3,2844457,38.22,38.45,38.05,38.78,38.11,38.45,2.933746
2019-10-21,38.19,5659523,38.35,38.7566,38.045,38.78,38.11,38.45,3.802989
2019-10-22,39.43,6845394,38.59,39.64,37.08,39.64,38.05,38.59,5.116458
2019-10-23,39.83,4259643,39.5,39.86,39.18,39.86,39.18,39.5,5.588186666666667
2019-10-24,41.03,5346422,39.92,41.08,39.81,41.08,39.81,39.92,5.5277455
2019-10-25,40.41,4848395,40.97,41.22,40.24,41.22,40.24,40.97,5.3918754
2019-10-28,39.47,5054483,40.34,40.63,39.46,41.22,40.24,40.97,5.0831
2019-10-29,39.0,4460557,39.25,39.97,38.895,41.22,40.24,40.97,4.787811666666667
2019-10-30,39.57,4598510,39.02,39.57,38.51,40.63,39.46,40.34,4.704516666666667
2019-10-31,39.24,2717640,39.63,39.63,38.92,40.63,39.46,40.34,4.2077975
2019-11-01,40.03,3339886,39.45,40.07,39.34,40.63,39.46,40.34,4.0342152
2019-11-04,38.15,5847264,39.74,39.79,37.97,40.07,39.34,39.74,3.9682633333333337
2019-11-05,38.28,4125652,38.12,38.34,37.62,40.07,39.34,39.74,4.437600666666667
2019-11-06,38.83,4102697,38.39,38.84,38.1025,39.79,38.1025,39.74,4.691871
2019-11-07,38.05,4304646,38.81,38.88,37.69,39.79,38.1025,39.74,4.59506475
2019-11-08,38.18,3636753,38.02,38.453,37.95,39.79,38.1025,39.74,4.4034024
2019-11-11,38.8,2051994,38.23,38.92,38.18,38.92,38.18,38.81,3.331131
2019-11-12,38.77,4038699,39.17,39.6,38.05,39.6,38.18,39.17,3.242482
2019-11-13,39.24,2712531,38.78,39.27,38.65,39.6,38.65,39.17,2.934408
2019-11-14,39.35,2410919,39.03,39.51,38.96,39.6,38.96,39.17,2.80353575
2019-11-15,38.91,2281297,39.5,39.55,38.84,39.6,38.96,39.5,2.699088
2019-11-18,39.49,2579310,39.0,39.6,39.0,39.6,39.0,39.5,2.423842
2019-11-19,39.38,2130292,39.42,39.68,39.17,39.68,39.17,39.5,2.3302996666666664
2019-11-20,39.64,2766991,39.41,39.865,39.26,39.865,39.26,39.42,2.4921976666666663
2019-11-21,38.98,2759265,39.57,39.95,38.92,39.95,39.26,39.57,2.5589645
2019-11-22,38.88,3239271,39.07,39.39,38.61,39.95,39.26,39.57,2.6950258
2019-11-25,39.44,2468991,39.06,39.485,39.0,39.95,39.0,39.57,2.822509
2019-11-26,40.09,5187477,39.57,40.1,39.32,40.1,39.32,39.57,3.631913
2019-11-27,39.82,2189962,40.04,40.33,39.68,40.33,39.68,40.04,3.2821433333333334
2019-11-29,39.65,1008107,39.75,40.02,39.59,40.33,39.68,40.04,2.71363425
2019-12-02,39.14,2575684,39.6,39.65,38.76,40.02,39.59,39.75,1.7918955
2019-12-03,39.37,3294053,38.81,39.38,38.65,40.02,39.59,39.75,2.2926146666666667
2019-12-04,39.39,2846001,39.41,39.56,38.965,39.65,38.965,39.6,2.905246
2019-12-05,40.2,3103030,39.47,40.28,39.35,40.28,39.35,39.6,2.954692
2019-12-06,40.06,3652452,40.47,40.53,39.6102,40.53,39.6102,40.47,3.094244
2019-12-09,40.16,2191895,40.16,40.315,39.9,40.53,39.9,40.47,2.982459
2019-12-10,40.27,2210418,40.13,40.38,39.79,40.53,39.9,40.47,2.6849216666666664
2019-12-11,40.71,1608891,40.19,40.73,39.97,40.73,39.97,40.19,2.003734666666667
2019-12-12,39.63,2524352,40.61,40.76,39.615,40.76,39.97,40.61,2.133889
2019-12-13,40.38,2893172,39.7,40.44,39.5726,40.76,39.97,40.61,2.2857456000000003
2019-12-16,40.02,2895827,40.38,40.52,39.795,40.76,39.795,40.61,2.771117
2019-12-17,39.55,2722624,39.89,40.39,39.52,40.52,39.795,40.38,2.8372076666666666
2019-12-18,38.92,4878827,39.62,39.845,38.71,40.52,39.795,40.38,3.4990926666666664
2019-12-19,38.6,6158407,38.8,39.115,38.305,40.52,39.795,40.38,4.16392125
2019-12-20,39.62,7644943,38.73,39.68,38.59,40.52,39.795,40.38,4.8601256
2019-12-23,38.9,2155438,39.63,39.76,38.81,39.76,38.81,39.63,5.319596
2019-12-24,39.15,1346407,39.0,39.28,38.9501,39.76,38.9501,39.63,3.715596
2019-12-26,38.98,1891557,39.21,39.29,38.73,39.76,38.9501,39.63,1.7978006666666668
2019-12-27,38.79,2053394,39.13,39.13,38.67,39.76,38.9501,39.63,1.861699
2019-12-30,38.8,1625898,38.7,38.86,38.4,39.29,38.73,39.21,1.8569496666666667
2019-12-31,38.8,1838903,38.61,38.94,38.585,39.13,38.67,39.13,1.8393983333333332
2020-01-02,38.68,2049336,38.87,38.98,38.33,38.98,38.585,38.87,1.8380456666666667
2020-01-03,39.02,2607211,38.49,39.08,38.31,39.08,38.585,38.87,2.030337
2020-01-06,39.31,2145735,39.1,39.5668,39.0,39.5668,39.0,39.1,2.2674273333333335
2020-01-07,39.57,4942159,39.52,39.8085,39.2,39.8085,39.2,39.52,3.2317016666666665
2020-01-08,39.93,5464174,40.13,40.48,39.92,40.48,39.92,40.13,4.1840226666666664
2020-01-09,39.81,3737735,40.0,40.23,39.57,40.48,39.92,40.13,4.07245075
2020-01-10,39.99,3008498,39.55,40.42,39.4,40.48,39.92,40.13,3.8596602
2020-01-13,40.43,2988480,39.97,40.47,39.955,40.47,39.955,40.0,3.2449043333333334
2020-01-14,40.94,3172379,40.5,41.04,40.41,41.04,40.41,40.5,3.0564523333333335
2020-01-15,41.31,2735832,41.0,41.6,40.84,41.6,40.84,41.0,2.9655636666666667
2020-01-16,41.66,2037825,41.43,41.74,41.31,41.74,41.31,41.43,2.733629
2020-01-17,41.79,2322545,41.89,42.2204,41.695,42.2204,41.695,41.89,2.6514122
2020-01-21,42.54,3415762,41.87,42.65,41.76,42.65,41.76,41.89,2.8691535
2020-01-22,42.88,2588004,42.62,43.185,42.28,43.185,42.28,42.62,3.001883
2020-01-23,43.85,3867317,42.92,44.155,42.89,44.155,42.89,42.92,3.290361
2020-01-24,43.71,4147380,43.96,44.315,43.48,44.315,43.48,43.96,3.50461575
2020-01-27,44.3,5233294,43.35,44.45,43.3,44.45,43.48,43.96,4.415997
2020-01-28,46.84,9197110,45.32,47.3,44.09,47.3,44.09,45.32,6.192594666666667
2020-01-29,46.01,5995320,47.0,47.11,44.85,47.3,44.85,47.0,6.808574666666667
2020-01-30,45.68,3302659,46.0,46.41,45.46,47.3,45.46,47.0,5.93209575
2020-01-31,44.65,4179973,45.88,46.06,44.58,47.3,45.46,47.0,5.581671200000001
2020-02-03,44.66,2816001,44.8,45.08,44.52,46.41,45.46,46.0,3.4328776666666667
2020-02-04,44.08,4343888,44.8,44.91,44.06,46.06,44.58,45.88,3.779954
2020-02-05,45.27,2974045,44.09,45.29,43.72,45.29,44.52,44.8,3.377978
2020-02-06,45.49,3720216,45.61,45.91,45.26,45.91,45.26,45.61,3.4635375
2020-02-07,46.1,3333941,45.73,46.33,45.51,46.33,45.51,45.73,3.4376182
2020-02-10,46.66,2163494,46.31,46.74,46.25,46.74,46.25,46.31,3.0725503333333335
2020-02-11,46.98,2358662,46.67,47.1484,46.37,47.1484,46.37,46.67,2.618699
2020-02-12,46.7,1986412,46.93,47.17,46.36,47.17,46.37,46.93,2.1695226666666665
2020-02-13,46.69,2796771,46.5,47.01,46.39,47.17,46.39,46.93,2.32633475
2020-02-14,46.69,1854114,46.96,47.0,46.39,47.17,46.39,46.96,2.2318906000000003
2020-02-18,46.65,2382582,46.44,47.02,46.25,47.02,46.39,46.96,2.118348
2020-02-19,46.55,3036975,47.07,47.37,46.5228,47.37,46.5228,47.07,2.7097785
2020-02-20,46.67,4012331,46.48,46.8169,45.77,47.37,46.5228,47.07,3.1439626666666665
2020-02-21,46.41,2104367,46.7,47.12,46.38,47.37,46.5228,47.07,2.88406375
2020-02-24,45.25,3154930,45.6,45.995,45.13,47.12,46.38,46.7,3.0905426666666664
2020-02-25,43.35,2929816,45.28,45.39,43.3396,47.12,46.38,46.7,2.7297043333333333
2020-02-26,42.07,4577290,42.67,43.75,41.93,45.995,45.13,45.6,3.554012
2020-02-27,41.74,4835568,41.45,43.33,40.91,45.995,45.13,45.6,3.874401
2020-02-28,40.2,9513676,40.57,41.5,39.11,45.995,45.13,45.6,5.002256
2020-03-02,41.55,5879425,40.49,41.74,39.64,43.33,40.91,41.45,6.742889666666667
2020-03-03,42.19,5791880,42.0,43.45,41.19,43.45,41.19,42.0,7.061660333333333
2020-03-04,44.42,6005612,42.77,44.49,42.77,44.49,42.77,42.77,5.892305666666667
2020-03-05,42.96,4308244,43.59,44.13,42.625,44.49,42.77,43.59,5.49629025
2020-03-06,41.5,4006837,41.36,42.03,40.31,44.49,42.77,43.59,5.198399599999999
2020-03-09,38.63,5384623,38.99,39.71,36.86,44.13,42.625,43.59,4.566568
2020-03-10,39.63,4085835,39.56,40.09,37.52,42.03,40.31,41.36,4.492431666666667
2020-03-11,35.34,6646421,38.39,38.66,35.29,40.09,37.52,39.56,5.372293
2020-03-12,30.49,6071548,32.59,32.93,28.53,40.09,37.52,39.56,5.54710675
2020-03-13,30.53,6549148,32.07,32.69,28.59,40.09,37.52,39.56,5.747515
2020-03-16,24.08,6509090,23.4,25.42,23.4,32.93,28.59,32.59,6.376595333333333
2020-03-17,23.09,7899246,24.59,25.1,21.84,32.69,28.59,32.07,6.985828
2020-03-18,19.46,8763846,20.92,21.87,17.51,25.42,23.4,24.59,7.724060666666667
2020-03-19,19.53,7297454,19.17,21.45,18.2,25.42,23.4,24.59,7.617409
2020-03-20,19.77,11935520,20.03,21.05,19.0,25.42,23.4,24.59,8.481031199999999
2020-03-23,17.74,10710760,18.85,19.5,17.12,21.45,19.0,20.03,9.981244666666665
2020-03-24,22.08,6022564,19.03,22.49,18.965,22.49,19.0,20.03,9.556281333333335
2020-03-25,24.22,6806357,22.64,25.2,21.68,25.2,21.68,22.64,7.846560333333333
2020-03-26,25.71,5366397,24.72,25.85,24.12,25.85,24.12,24.72,7.2265195
2020-03-27,24.52,5583221,24.51,25.72,23.82,25.85,24.12,24.72,6.8978598
2020-03-30,23.76,3817850,24.13,24.3,22.85,25.85,24.12,24.72,4.922489333333333
2020-03-31,22.32,5156750,23.44,23.62,22.16,25.72,23.82,24.51,4.852607
2020-04-01,20.8,6250404,20.89,21.38,20.55,24.3,22.85,24.13,5.075001333333333
2020-04-02,19.79,6392596,20.6,21.27,19.37,24.3,22.85,24.13,5.4044
2020-04-03,18.92,5619246,19.5,19.93,18.28,24.3,22.85,24.13,5.4473692
2020-04-06,21.7,4930180,20.69,21.93,20.16,21.93,20.16,20.69,5.647340666666667
2020-04-07,23.03,7934789,23.57,24.41,22.4,24.41,22.4,23.57,6.161405
2020-04-08,25.52,5948358,23.59,25.8,23.14,25.8,23.14,23.59,6.271109
2020-04-09,26.34,4015550,26.83,27.89,25.89,27.89,25.89,26.83,5.70721925
2020-04-13,24.8,4543554,26.04,26.14,23.99,27.89,25.89,26.83,4.279552
2020-04-14,25.68,4546053,25.62,26.1,24.74,26.14,24.74,26.04,4.5448035
2020-04-15,23.88,4162277,24.35,24.58,23.56,26.14,24.74,26.04,4.417294666666667
2020-04-16,24.27,5155798,23.91,24.67,23.45,26.14,24.74,26.04,4.6019205
2020-04-17,25.52,5347396,25.51,26.58,24.98,26.58,24.98,26.04,4.7510156
2020-04-20,24.31,5504160,24.59,25.1,23.98,26.58,24.98,25.51,5.335784666666667
2020-04-21,24.18,4602812,23.5,24.73,23.32,26.58,24.98,25.51,5.151456
2020-04-22,24.07,3758167,24.91,25.045,24.0,25.1,24.0,24.91,4.621713
2020-04-23,23.87,4055925,23.33,25.16,23.18,25.16,24.0,24.91,4.480266
2020-04-24,25.64,5020215,24.03,25.855,24.03,25.855,24.03,24.91,4.5882558
2020-04-27,27.24,4389076,26.03,27.5,25.865,27.5,25.865,26.03,4.488405333333333
2020-04-28,28.99,8080507,28.99,30.04,28.44,30.04,28.44,28.99,5.829932666666667
2020-04-29,30.29,5873527,29.86,30.825,29.835,30.825,29.835,29.86,6.11437
2020-04-30,28.27,6142838,29.47,29.49,28.03,30.825,29.835,29.86,6.121487
2020-05-01,27.24,4073381,27.41,27.78,26.73,30.825,29.835,29.86,5.7118658
2020-05-04,27.27,4278128,26.71,27.57,26.21,29.49,28.03,29.47,4.831449
2020-05-05,27.8,3770202,27.79,28.38,27.56,28.38,27.56,27.79,4.040570333333333
2020-05-06,27.63,3914228,27.95,28.225,27.21,28.38,27.56,27.95,3.9875193333333336
2020-05-07,28.18,4517254,28.13,28.67,27.91,28.67,27.91,28.13,4.119953
2020-05-08,29.88,3170705,28.84,30.09,28.47,30.09,28.47,28.84,3.9301033999999997
2020-05-11,29.42,3847240,29.2,29.98,28.54,30.09,28.54,29.2,3.8450663333333335
2020-05-12,28.09,3491490,29.5,29.66,28.03,30.09,28.54,29.5,3.503145
2020-05-13,27.18,5381899,27.85,27.85,26.52,29.98,28.54,29.5,4.240209666666667
2020-05-14,27.59,4253356,26.54,27.71,26.095,29.98,28.54,29.5,4.24349625
2020-05-15,27.72,2742570,27.09,28.01,26.74,29.98,28.54,29.5,3.943311
2020-05-18,31.13,4504219,29.37,31.47,29.18,31.47,29.18,29.37,3.8333816666666665
2020-05-19,31.39,3986069,30.98,32.41,30.3,32.41,30.3,30.98,3.744286
2020-05-20,31.43,5138239,31.96,32.4,30.86,32.41,30.86,31.96,4.542842333333333
2020-05-21,32.69,4504656,31.3,32.93,31.27,32.93,31.27,31.96,4.53329575
2020-05-22,33.31,2785829,33.01,33.5599,32.3899,33.5599,32.3899,33.01,4.1838024
2020-05-26,34.34,4616063,35.0,35.42,34.15,35.42,34.15,35.0,3.700946
2020-05-27,36.45,3947778,35.47,36.48,34.46,36.48,34.46,35.47,4.2819205
2020-05-28,34.41,3688861,36.91,37.1,34.22,37.1,34.46,36.91,4.084234
2020-05-29,33.97,5710735,34.11,35.16,33.6402,37.1,34.46,36.91,4.49085925
2020-06-01,34.33,2795070,34.15,35.32,33.82,37.1,34.22,36.91,4.064888666666667
2020-06-02,34.75,2349115,34.4,34.88,34.25,35.32,34.25,34.4,3.6183066666666663
2020-06-03,35.98,2818059,35.42,36.2,35.08,36.2,35.08,35.42,2.6540813333333335
2020-06-04,35.01,3760751,35.65,36.5,34.805,36.5,35.08,35.65,2.93074875
2020-06-05,36.72,4512795,36.77,37.49,36.01,37.49,36.01,36.77,3.247158
2020-06-08,36.67,3074094,37.32,38.77,36.185,38.77,36.185,37.32,3.7825466666666667
2020-06-09,35.84,3430425,35.97,36.44,35.56,38.77,36.185,37.32,3.672438
2020-06-10,36.32,4812353,35.71,36.92,34.72,38.77,36.185,37.32,3.7722906666666667
2020-06-11,32.91,4235075,34.53,35.22,32.9,38.77,36.185,37.32,3.88798675
2020-06-12,33.89,4470057,34.54,35.14,32.85,38.77,36.185,37.32,4.0044008
2020-06-15,35.72,4542275,32.64,35.84,32.45,35.84,32.9,34.54,4.415802333333333
2020-06-16,36.53,4479548,37.39,37.52,35.41,37.52,35.41,37.39,4.497293333333333
2020-06-17,36.4,2829651,36.91,37.18,36.2,37.52,36.2,37.39,3.9504913333333334
2020-06-18,35.61,2443869,35.91,36.5,35.53,37.52,36.2,37.39,3.57383575
2020-06-19,34.67,4743279,36.5,36.5,34.455,37.52,36.2,37.39,3.8077244
2020-06-22,35.07,3043060,34.54,35.17,34.0406,36.5,35.53,36.5,3.4100693333333334
2020-06-23,35.12,2292428,35.61,35.7299,34.64,36.5,34.64,36.5,3.359589
2020-06-24,33.84,3443459,34.62,34.6574,32.74,35.7299,34.64,35.61,2.9263156666666665
2020-06-25,32.58,6406961,32.86,33.55,31.88,35.7299,34.64,35.61,3.796477
2020-06-26,31.93,4902913,32.34,32.49,31.84,35.7299,34.64,35.61,4.0177642
2020-06-29,33.5,3029860,32.25,33.845,31.55,33.845,31.88,32.86,4.779911333333333
2020-06-30,34.03,2609502,33.6,34.25,33.045,34.25,33.045,33.6,3.5140916666666664
2020-07-01,32.98,3022833,34.17,34.26,32.96,34.26,33.045,34.17,2.8873983333333335
2020-07-02,32.88,2497647,33.73,34.13,32.72,34.26,33.045,34.17,2.7899605
2020-07-06,34.1,2749040,33.7,34.315,33.43,34.315,33.43,33.73,2.6233435
2020-07-07,33.92,4110983,33.63,34.51,33.58,34.51,33.58,33.7,3.4300115
2020-07-08,35.27,3366752,34.18,35.52,34.03,35.52,34.03,34.18,3.408925
2020-07-09,33.88,3110930,35.53,35.6,33.63,35.6,34.03,35.53,3.33442625
2020-07-10,35.01,2602732,34.07,35.055,33.99,35.6,34.03,35.53,3.1880874
2020-07-13,33.89,3319973,35.15,35.48,33.86,35.6,33.99,35.53,3.0112116666666666
2020-07-14,35.45,2869082,33.74,35.495,33.71,35.495,33.99,35.15,2.9305956666666666
2020-07-15,36.18,2809099,36.48,36.53,35.24,36.53,35.24,36.48,2.9993846666666664
2020-07-16,36.75,3297281,35.98,37.0,35.64,37.0,35.64,36.48,3.07385875
2020-07-17,37.3,4351671,37.48,37.94,36.97,37.94,36.97,37.48,3.3294212
2020-07-20,37.58,3881171,37.16,37.805,36.73,37.94,36.97,37.48,3.8433743333333337
2020-07-21,37.7,3043285,37.05,37.88,36.77,37.94,36.97,37.48,3.758709
2020-07-22,39.44,4099345,37.96,39.738,37.71,39.738,37.71,37.96,3.6746003333333337
2020-07-23,41.29,9080832,41.92,43.99,40.7426,43.99,40.7426,41.92,5.02615825
2020-07-24,42.62,5236136,41.78,42.91,40.7,43.99,40.7426,41.92,5.0681538
2020-07-27,44.24,4976358,43.38,44.4,42.57,44.4,42.57,43.38,6.431108666666667
2020-07-28,43.49,4662434,44.55,44.98,43.43,44.98,43.43,44.55,4.958309333333333
2020-07-29,44.7,2752994,43.66,44.74,43.62,44.98,43.62,44.55,4.130595333333334
2020-07-30,43.87,2245006,43.87,44.387,43.47,44.98,43.62,44.55,3.659198
2020-07-31,43.6,2694840,43.86,43.86,42.51,44.98,43.62,44.55,3.4663264
2020-08-03,44.03,2264417,43.87,44.64,43.5883,44.64,43.5883,43.87,2.401421
2020-08-04,44.14,2358369,43.85,44.365,43.62,44.64,43.62,43.87,2.4392086666666666
2020-08-05,44.51,1895730,44.29,44.76,43.84,44.76,43.84,44.29,2.1728386666666664
2020-08-06,44.72,1829986,44.45,44.95,44.26,44.95,44.26,44.45,2.0871255
2020-08-07,44.26,2446391,44.22,44.62,43.5696,44.95,44.26,44.45,2.1589786
2020-08-10,45.16,3426756,44.48,46.16,44.21,46.16,44.26,44.48,2.567711
2020-08-11,44.37,3295242,45.64,46.06,44.15,46.16,44.21,45.64,3.0561296666666666
2020-08-12,45.44,2288460,44.74,45.75,44.35,46.16,44.35,45.64,3.003486
2020-08-13,45.52,2281821,45.23,45.84,44.585,46.16,44.585,45.64,2.82306975
2020-08-14,45.07,2200783,45.16,45.25,44.8,46.16,44.8,45.64,2.6986124
2020-08-17,46.43,3461472,45.35,46.66,45.2,46.66,45.2,45.35,2.6480253333333335
2020-08-18,46.61,3209919,47.43,47.43,46.47,47.43,46.47,47.43,2.9573913333333337
2020-08-19,46.17,2003917,46.34,46.6,45.75,47.43,46.47,47.43,2.8917693333333334
2020-08-20,46.34,2132792,45.71,46.88,45.55,47.43,46.47,47.43,2.702025
2020-08-21,47.48,2006639,46.37,47.64,46.18,47.64,46.47,47.43,2.5629478
2020-08-24,47.62,2095130,47.59,47.9,46.89,47.9,46.89,47.59,2.078187
2020-08-25,47.18,2174542,48.0,48.0,46.54,48.0,46.89,48.0,2.0921036666666666
2020-08-26,46.29,2369723,47.24,47.39,46.245,48.0,46.89,48.0,2.2131316666666665
2020-08-27,45.75,2794345,46.59,47.0,45.73,48.0,46.89,48.0,2.358435
2020-08-28,45.32,2356627,46.02,46.42,45.19,48.0,46.89,48.0,2.3580734
2020-08-31,44.59,2451258,45.47,45.47,44.21,47.0,45.73,46.59,2.5340766666666665
2020-09-01,46.05,2325289,44.53,46.06,44.27,46.42,45.19,46.02,2.3777246666666665
2020-09-02,46.14,1854574,46.29,46.42,44.76,46.42,44.76,46.29,2.2103736666666665
2020-09-03,44.19,2416867,46.16,46.27,43.67,46.42,44.76,46.29,2.261997
2020-09-04,43.21,2922985,44.45,44.93,42.18,46.42,44.76,46.29,2.3941946
2020-09-08,43.19,3022360,42.59,44.31,42.31,44.93,42.31,44.45,2.9726725
2020-09-09,44.6,2769456,43.74,45.0,43.46,45.0,43.46,43.74,2.895908
2020-09-10,44.5,1921920,44.86,45.48,44.21,45.48,44.21,44.86,2.5712453333333336
2020-09-11,45.3,1993027,44.8,45.53,44.6974,45.53,44.6974,44.86,2.42669075
2020-09-14,45.67,2166849,45.83,45.87,44.93,45.87,44.93,45.83,2.0272653333333333
2020-09-15,45.05,2442504,45.56,46.38,44.96,46.38,44.96,45.83,2.2007933333333334
2020-09-16,46.72,2525704,45.62,47.18,45.4,47.18,45.4,45.83,2.3783523333333334
2020-09-17,45.46,2211826,45.91,46.41,45.04,47.18,45.4,45.91,2.33672075
2020-09-18,44.98,5646277,45.22,45.91,44.44,47.18,45.4,45.91,2.998632
2020-09-21,44.61,2571860,43.99,44.69,43.24,46.41,45.04,45.91,3.4766543333333333
2020-09-22,45.87,2282170,44.78,45.94,44.47,45.94,44.47,45.22,3.5001023333333334
2020-09-23,43.84,2025079,45.89,46.21,43.78,46.21,44.47,45.89,2.2930363333333337
2020-09-24,44.35,2040582,43.8,45.02,42.96,46.21,44.47,45.89,2.22992275
2020-09-25,44.01,1207613,43.86,44.33,43.33,46.21,44.47,45.89,2.0254608
2020-09-28,45.76,1561856,44.94,45.82,44.57,45.82,44.57,44.94,1.6033503333333332
2020-09-29,45.27,1828014,46.18,46.36,45.06,46.36,45.06,46.18,1.5324943333333332
2020-09-30,46.29,4560366,45.72,47.06,45.51,47.06,45.51,46.18,2.6500786666666665
2020-10-01,47.46,2849053,46.85,47.49,45.97,47.49,45.97,46.85,2.69982225
2020-10-02,47.53,2003901,46.52,47.8,46.47,47.8,46.47,46.85,2.560638
2020-10-05,47.72,2564770,47.62,48.31,46.535,48.31,46.535,47.62,2.4725746666666666
2020-10-06,46.62,2019384,47.72,48.02,46.39,48.31,46.535,47.72,2.1960183333333334
2020-10-07,47.13,1619810,47.39,47.97,46.85,48.31,46.85,47.72,2.067988
2020-10-08,48.97,2694463,48.17,49.29,47.99,49.29,47.99,48.17,2.22460675
2020-10-09,48.98,1870920,49.31,49.7,48.66,49.7,48.66,49.31,2.1538694
2020-10-12,49.48,2075756,49.33,49.57,48.58,49.7,48.66,49.33,2.213713
2020-10-13,48.37,2116387,48.74,48.94,47.8,49.7,48.66,49.33,2.021021
2020-10-14,48.28,1760827,48.69,48.92,48.0,49.57,48.58,49.33,1.9843233333333332
2020-10-15,48.9,1454777,47.59,49.07,47.51,49.57,48.58,49.33,1.85193675
2020-10-16,47.75,2577536,48.92,49.58,47.62,49.58,48.58,49.33,1.9970566
2020-10-19,46.42,3243273,48.0,48.32,45.98,49.58,47.62,48.92,2.4251953333333334
2020-10-20,46.98,3063327,46.88,47.57,46.44,49.58,47.62,48.92,2.9613786666666666
2020-10-21,45.24,4187710,46.88,46.95,44.8,48.32,46.44,48.0,3.4981033333333333
2020-10-22,42.64,6130781,44.11,45.27,42.07,48.32,46.44,48.0,4.15627275
2020-10-23,43.99,4583844,43.42,44.1,42.77,48.32,46.44,48.0,4.241787
2020-10-26,42.41,3475101,44.06,44.25,41.91,45.27,42.77,44.11,4.729908666666667
2020-10-27,41.33,3401732,42.34,42.81,40.93,44.25,42.77,44.06,3.8202256666666665
2020-10-28,41.94,3712983,40.32,42.4461,39.92,44.25,41.91,44.06,3.5299386666666663
2020-10-29,41.41,2088600,42.16,42.54,40.96,44.25,41.91,44.06,3.169604
2020-10-30,40.76,2835753,41.25,41.9,40.5,44.25,41.91,44.06,3.1028338
2020-11-02,42.15,2974542,41.65,42.44,41.13,42.54,41.13,42.16,2.632965
2020-11-03,43.15,2895669,42.65,43.4381,42.16,43.4381,42.16,42.65,2.901988
2020-11-04,46.32,4171679,44.19,47.14,44.08,47.14,44.08,44.19,3.3472966666666664
2020-11-05,46.02,2332532,46.59,47.16,45.7,47.16,45.7,46.59,3.0936055
2020-11-06,44.11,2083183,45.94,45.94,43.89,47.16,45.7,46.59,2.891521
2020-11-09,40.64,4777468,44.17,44.9199,40.55,47.16,45.7,46.59,3.0643943333333334
2020-11-10,42.57,5151959,41.53,42.8,40.6,45.94,43.89,45.94,4.004203333333334
2020-11-11,42.82,2457014,42.75,42.89,42.11,44.9199,42.11,44.17,4.128813666666667
2020-11-12,41.71,2742034,42.72,43.67,41.31,44.9199,42.11,44.17,3.78211875
2020-11-13,42.93,2180924,42.07,43.33,41.79,44.9199,42.11,44.17,3.4618797999999997
2020-11-16,42.87,3381630,43.11,43.19,41.89,43.67,41.89,43.11,2.768196
2020-11-17,43.01,2710290,42.8,43.78,42.365,43.78,42.365,43.11,2.7576146666666665
2020-11-18,43.73,2501213,43.02,44.39,42.83,44.39,42.83,43.11,2.8643776666666665
2020-11-19,43.63,3505435,44.21,44.75,43.02,44.75,43.02,44.21,3.024642
2020-11-20,43.67,2805537,43.82,44.1799,43.36,44.75,43.36,44.21,2.980821
2020-11-23,45.19,1894577,43.99,45.37,43.72,45.37,43.72,44.21,2.735183
2020-11-24,43.98,2601169,45.52,45.68,43.73,45.68,43.73,45.52,2.433761
2020-11-25,44.61,1953297,44.25,44.94,43.83,45.68,43.83,45.52,2.149681
2020-11-27,44.36,1356184,44.31,45.03,44.11,45.68,44.11,45.52,1.95130675
2020-11-30,43.63,5629595,44.32,44.62,42.78,45.03,44.11,44.32,3.4928895
2020-12-01,42.66,5316132,43.87,43.975,42.29,45.03,44.11,44.32,4.100637
2020-12-02,41.55,5214119,42.47,42.6,41.23,44.62,42.78,44.32,5.386615333333333
2020-12-03,43.17,3144419,41.46,43.28,41.45,44.62,42.78,44.32,4.82606625
2020-12-04,42.06,4251310,43.13,43.2,41.95,44.62,42.78,44.32,4.711115
2020-12-07,43.62,3145463,42.18,43.68,41.76,43.68,41.95,43.13,3.5137306666666666
2020-12-08,42.04,2889581,42.8,42.82,41.51,43.68,41.95,43.13,3.4287846666666666
2020-12-09,42.08,3005264,42.51,42.62,41.45,43.68,41.76,42.8,3.013436
2020-12-10,42.16,2541522,41.71,42.3,41.51,43.68,41.76,42.8,2.8954575
2020-12-11,42.35,2640787,42.11,42.62,41.96,43.68,41.96,42.8,2.8445234
2020-12-14,42.12,2735713,42.67,43.25,42.1,43.25,42.1,42.67,2.6393406666666666
2020-12-15,42.42,2479398,42.2,42.89,42.05,43.25,42.1,42.67,2.6186326666666666
2020-12-16,42.5,3052015,42.75,42.85,42.0,43.25,42.1,42.75,2.7557086666666666
2020-12-17,44.78,5642481,42.98,45.09,42.98,45.09,42.98,42.98,3.47740175
2020-12-18,45.1,6322464,45.17,45.76,44.87,45.76,44.87,45.17,4.0464142
2020-12-21,44.75,2457046,44.18,45.23,43.64,45.76,44.87,45.17,4.807330333333333
2020-12-22,45.41,1852634,44.93,45.63,44.54,45.76,44.87,45.17,3.544048
2020-12-23,44.29,1792882,45.49,45.57,44.12,45.63,44.54,45.49,2.034187333333333
2020-12-24,45.2,1089363,44.33,45.27,43.89,45.63,44.54,45.49,1.79798125
2020-12-28,44.47,1265298,45.42,45.565,44.2863,45.565,44.2863,45.42,1.1773305
2020-12-29,44.15,1227174,44.68,44.89,43.78,45.565,44.2863,45.42,1.246236
2020-12-30,44.09,1225347,44.2,44.8277,43.97,45.565,44.2863,45.42,1.239273
2020-12-31,43.12,1737110,44.23,44.23,43.01,45.565,44.2863,45.42,1.36373225
2021-01-04,42.21,3666066,43.29,43.43,41.33,44.23,43.01,44.23,2.701588
2021-01-05,41.07,4652857,40.76,41.7,40.36,43.43,41.33,43.29,4.1594615
2021-01-06,40.85,3850084,40.53,41.18,39.92,43.43,41.33,43.29,4.056335666666667
2021-01-07,42.49,3896475,40.95,42.695,40.56,43.43,41.33,43.29,4.0163705
2021-01-08,41.53,2439083,42.74,43.09,41.3,43.43,41.33,43.29,3.700913
2021-01-11,42.08,2081810,41.53,42.92,41.15,43.09,41.3,42.74,2.8057893333333337
2021-01-12,42.66,1926770,42.2,42.695,41.66,43.09,41.66,42.74,2.149221
2021-01-13,42.56,3701369,43.11,43.88,42.15,43.88,42.15,43.11,2.569983
2021-01-14,42.42,2296377,42.76,42.87,42.2,43.88,42.2,43.11,2.5015815
2021-01-15,42.7,2287386,42.15,43.12,42.15,43.88,42.2,43.11,2.4587423999999998
2021-01-19,44.01,2870556,43.06,44.05,42.81,44.05,42.81,43.06,2.578971
2021-01-20,46.69,4897265,44.48,47.11,44.22,47.11,44.22,44.48,3.8839105
2021-01-21,47.56,3919096,47.45,48.18,46.78,48.18,46.78,47.45,3.895639
2021-01-22,48.89,4171470,47.93,49.07,46.9711,49.07,46.9711,47.93,3.96459675
2021-01-25,48.98,3744219,49.5,50.23,48.5501,50.23,48.5501,49.5,3.9449283333333334
2021-01-26,47.63,3457042,49.01,50.11,47.33,50.23,48.5501,49.5,3.7909103333333336
2021-01-27,47.25,5520203,47.02,48.22,46.24,50.23,48.5501,49.5,4.240488
2021-01-28,44.57,5479349,43.87,45.55,42.59,50.23,48.5501,49.5,4.55020325
2021-01-29,43.5,3781252,45.0,45.14,43.0901,50.23,48.5501,49.5,4.396413
2021-02-01,44.77,3273191,43.99,44.9,43.12,45.55,43.12,45.0,4.177930666666667
2021-02-02,45.97,2937055,45.1,46.33,44.28,46.33,44.28,45.1,3.3304993333333335
2021-02-03,46.36,3447647,45.89,46.69,45.55,46.69,45.55,45.89,3.2192976666666664
2021-02-04,47.1,2278584,46.36,47.65,45.66,47.65,45.66,46.36,2.98411925
2021-02-05,48.13,3379657,47.45,48.14,46.81,48.14,46.81,47.45,3.0632268
2021-02-08,49.26,2509582,48.48,49.4003,48.02,49.4003,48.02,48.48,2.7226076666666663
2021-02-09,49.2,1792944,49.39,49.39,48.22,49.4003,48.22,49.39,2.5607276666666663
2021-02-10,49.36,2689456,49.28,49.875,48.3,49.875,48.3,49.39,2.3306606666666667
2021-02-11,49.51,2840925,49.73,50.1,49.27,50.1,49.27,49.73,2.45822675
2021-02-12,48.48,2088064,49.26,49.66,48.18,50.1,49.27,49.73,2.3841942
2021-02-16,46.67,3560088,48.65,48.65,46.45,49.66,48.18,49.26,2.824076
2021-02-17,46.17,2950185,46.13,46.92,45.42,48.65,46.45,48.65,3.2551365
2021-02-18,45.47,3310273,46.26,46.66,45.31,48.65,46.45,48.65,3.2735153333333336
2021-02-19,46.39,2288128,45.8,46.61,45.8,48.65,46.45,48.65,3.0271685
2021-02-22,45.44,2029714,46.16,46.58,45.43,46.66,45.8,46.26,2.542705
2021-02-23,45.92,2892848,45.3,46.0,44.09,46.61,45.8,46.16,2.4035633333333335
2021-02-24,46.92,2829307,45.7,47.0,44.45,47.0,45.43,46.16,2.5839563333333335
2021-02-25,43.94,3043528,46.49,46.5,43.5339,47.0,45.43,46.49,2.69884925
2021-02-26,45.11,3121236,44.49,45.73,43.83,47.0,45.43,46.49,2.7833266
2021-03-01,45.47,2899505,45.79,46.4,45.4,46.5,45.4,46.49,3.021423
2021-03-02,46.19,2417865,45.61,46.47,45.02,46.47,45.4,45.79,2.8128686666666667
2021-03-03,44.27,3377210,45.88,46.1,44.24,46.47,45.4,45.88,2.8981933333333334
2021-03-04,43.78,3895598,44.34,45.47,42.31,46.47,45.4,45.88,3.1475445
2021-03-05,45.74,2926632,44.15,45.94,42.92,46.47,45.4,45.88,3.103362
2021-03-08,47.41,2640605,46.0,48.12,46.0,48.12,46.0,46.0,3.1542783333333335
2021-03-09,47.34,2716690,48.06,48.75,47.0805,48.75,47.0805,48.06,2.761309
2021-03-10,48.83,2879720,47.65,49.38,47.12,49.38,47.12,48.06,2.7456716666666665
2021-03-11,48.25,2039686,49.04,49.35,47.83,49.38,47.83,49.04,2.56917525
2021-03-12,47.93,2974862,47.04,48.31,46.19,49.38,47.83,49.04,2.6503126
2021-03-15,49.7,3006510,48.12,49.73,47.67,49.73,47.83,49.04,2.673686
2021-03-16,49.09,2485336,49.9,50.3599,48.94,50.3599,48.94,49.9,2.822236
2021-03-17,50.99,4732815,48.76,51.005,48.17,51.005,48.94,49.9,3.4082203333333334
2021-03-18,48.25,4212744,50.55,50.63,47.93,51.005,48.94,50.55,3.60935125
2021-03-19,48.99,4456493,48.25,49.37,47.85,51.005,48.94,50.55,3.7787796
2021-03-22,49.07,2994873,49.24,49.445,48.22,50.63,48.22,50.55,3.8880366666666664
2021-03-23,48.34,2237843,49.05,49.63,47.96,49.63,48.22,49.24,3.2297363333333333
2021-03-24,48.21,2229619,48.52,49.74,48.2,49.74,48.22,49.24,2.487445
2021-03-25,50.14,3905395,47.49,50.4,47.31,50.4,48.22,49.24,2.8419325
2021-03-26,52.62,3435045,50.56,52.67,50.14,52.67,50.14,50.56,2.960555
2021-03-29,51.61,3578240,53.12,53.66,51.43,53.66,51.43,53.12,3.63956
2021-03-30,52.75,2563925,52.09,52.95,51.06,53.66,51.43,53.12,3.1924033333333335
2021-03-31,52.44,2474965,53.0,53.115,52.265,53.66,52.265,53.12,2.8723766666666664
2021-04-01,53.48,2469535,53.0,53.53,52.55,53.66,52.55,53.12,2.77166625
2021-04-05,53.83,2113518,53.84,53.98,53.06,53.98,53.06,53.84,2.2915265
2021-04-06,53.99,2730310,53.74,54.11,53.44,54.11,53.44,53.84,2.421914
2021-04-07,53.53,2081193,54.18,54.22,53.25,54.22,53.44,54.18,2.3083403333333337
2021-04-08,53.15,2696817,53.64,53.9,52.85,54.22,53.44,54.18,2.4054595
2021-04-09,54.56,2498274,52.97,54.7,52.63,54.7,53.44,54.18,2.4240223999999997
2021-04-12,54.1,2805070,54.6,54.71,53.52,54.71,53.52,54.6,2.6667203333333336
2021-04-13,54.05,2535528,53.82,54.16,52.96,54.71,53.52,54.6,2.6129573333333336
2021-04-14,53.5,2437068,54.0,54.38,53.43,54.71,53.52,54.6,2.5925553333333333
2021-04-15,53.45,2945277,54.0,54.1,53.39,54.71,53.52,54.6,2.68073575
2021-04-16,54.22,3348896,53.7,54.49,53.54,54.71,53.54,54.6,2.8143678
2021-04-19,53.71,2648329,54.48,54.57,53.17,54.57,53.54,54.48,2.980834
2021-04-20,52.51,2685764,53.73,54.37,51.55,54.57,53.54,54.48,2.8943296666666667
2021-04-21,53.16,1521233,52.5,53.38,52.41,54.57,53.17,54.48,2.2851086666666665
2021-04-22,53.18,2667890,53.0,53.5,52.44,54.57,53.17,54.48,2.380804
2021-04-23,53.91,1973962,53.38,54.16,53.05,54.57,53.17,54.48,2.2994356000000002
2021-04-26,54.79,3686409,54.6,55.07,54.11,55.07,54.11,54.6,2.776087
2021-04-27,57.14,5103093,56.37,58.08,56.36,58.08,56.36,56.37,3.5878213333333333
2021-04-28,58.68,3342458,57.43,58.885,57.1,58.885,57.1,57.43,4.043986666666666
2021-04-29,59.81,3480970,59.11,60.0752,58.71,60.0752,58.71,59.11,3.9032325
2021-04-30,59.12,2556584,59.61,59.66,58.26,60.0752,58.71,59.61,3.6339028
2021-05-03,60.33,3011387,59.7,60.66,59.65,60.66,59.65,59.7,3.0163136666666666
2021-05-04,60.9,2806644,60.05,61.2,59.67,61.2,59.67,60.05,2.7915383333333335
2021-05-05,61.12,2076726,61.34,61.5579,60.35,61.5579,60.35,61.34,2.6315856666666666
2021-05-06,60.61,2717532,61.44,61.61,60.03,61.61,60.35,61.44,2.65307225
2021-05-07,61.73,2725189,60.72,62.01,59.85,62.01,60.35,61.44,2.6674956
2021-05-10,62.35,3009277,61.92,63.905,61.62,63.905,61.62,61.92,2.8173326666666667
2021-05-11,59.54,3499618,61.54,61.98,59.15,63.905,61.62,61.92,3.078028
2021-05-12,55.41,4718080,59.08,59.3,55.16,63.905,61.62,61.92,3.742325
2021-05-13,58.06,4290522,55.76,58.485,55.67,63.905,61.62,61.92,3.87937425
2021-05-14,58.46,1969403,58.46,59.32,58.1,63.905,61.62,61.92,3.49738
2021-05-17,57.99,2142534,58.21,58.42,56.61,59.32,58.1,58.46,2.8008196666666665
2021-05-18,56.13,2365928,58.11,58.255,56.03,59.32,58.1,58.46,2.1592883333333335
2021-05-19,55.58,3139987,55.13,56.25,54.2778,58.42,56.61,58.21,2.549483
2021-05-20,56.06,1496381,55.54,56.46,55.36,58.42,56.61,58.21,2.2862075
2021-05-21,55.77,2408490,56.46,57.16,55.74,58.42,56.61,58.21,2.310664
2021-05-24,56.02,1776307,56.22,56.47,55.94,57.16,55.94,56.46,1.893726
2021-05-25,56.53,2182566,56.37,57.41,56.37,57.41,56.37,56.46,2.1224543333333337
2021-05-26,57.62,2794073,56.78,58.26,56.6127,58.26,56.6127,56.78,2.250982
2021-05-27,57.88,4660915,58.0,58.4,57.39,58.4,57.39,58.0,2.85346525
